time,position,positionVelocity,angle,angleVelocity,force,calculationTime,predictedCost,solverIterations
0,0.2,0,0.0872664625997165,0,10,0.51503,1440.88541244596,9
0.02,0.201937773313122,0.193785569930312,0.0846257022508946,-0.264228169856766,10.0000000000015,0.035582,1389.75171619374,5
0.04,0.20775207768323,0.387669153682457,0.0766851734630535,-0.530279931599855,10.0000000000022,0.022659,1349.27537850384,4
0.06,0.217445813013615,0.581743327211229,0.0633903078734871,-0.799960128926952,10.0000000000022,0.027884,1323.19458814897,4
0.08,0.231023626669912,0.7760891610534,0.0446508030971973,-1.07503334309212,2.85232033912415,0.11852,1311.48852090165,4
0.1,0.247096987209031,0.831297315338237,0.0224331942763466,-1.14790198018408,-10,0.006735,1309.63277540868,3
0.12,0.261769732275955,0.636019267239201,0.00244949695498438,-0.851498480203875,-10.0000000000014,0.001989,1311.34925763076,2
0.14,0.272539282342392,0.440968917676225,-0.0116623007917113,-0.560426215272429,-10.000000000001,0.001974,1311.35400763992,2
0.16,0.279409582104417,0.246081955330318,-0.019991394445281,-0.272929363312121,-6.79362602532012,0.00175,1307.73477893323,2
0.18,0.283008752121218,0.11384397095141,-0.0235299134047818,-0.0811120044710123,-3.05162877403301,0.00168,1301.65586074023,1
0.2,0.284693647040939,0.0546474986916014,-0.0243347909995217,0.000581502748835117,-0.923960235902193,0.001711,1294.45706857549,1
0.22,0.285609803121304,0.036967615719487,-0.024129479398817,0.0199604721403159,-0.170382705052468,0.001725,1286.70297087402,1
0.24,0.286319351942768,0.0339863743090689,-0.0237561331336676,0.0173937985169192,-0.0739552038149824,0.002183,1278.45187446651,1
0.26,0.28698803989686,0.0328817169283651,-0.0234612242469927,0.012112604877701,-0.156764149899679,0.002172,1269.64132671587,1
0.28,0.287618439721786,0.0301577533611422,-0.0232468776659328,0.0093333318177096,-0.229620666069529,0.002023,1260.22795883397,1
0.3,0.288180116343349,0.026009476716243,-0.0230661698779516,0.00874695654214373,-0.259656270421253,0.00201,1250.20415764057,1
0.32,0.28865294147857,0.0212726103068597,-0.0228878385119436,0.00909556484815607,-0.263088938362777,0.001864,1239.5831043996,1
0.34,0.289030333574206,0.0164661522973285,-0.0227009596348499,0.00960215749733098,-0.257606022155066,0.001837,1228.38492552038,1
0.36,0.289312639042574,0.0117639257617188,-0.0225049532804233,0.0100087928521953,-0.251756113253684,0.001795,1216.63023116177,1
0.38,0.289502012908761,0.00717297523723455,-0.0223018993310523,0.010307287790947,-0.247583583829616,0.001724,1204.33863707045,1
0.4,0.289600352493274,0.00266048469701701,-0.022093449575461,0.0105486573612392,-0.244641236676323,0.001959,1191.52913458783,1
0.42,0.289608986241511,-0.00179761945879242,-0.0218803705554413,0.010770457793965,-0.242170957114119,0.002288,1178.22065370978,1
0.44,0.289528909125313,-0.00621061224554119,-0.0216629012560222,0.0109879162889037,-0.239740686327302,0.002083,1164.43235985826,1
0.46,0.289361014940007,-0.0105793367219258,-0.0214411030392339,0.0112035772881154,-0.237213232729168,0.001865,1150.18372444786,1
0.48,0.289106207395255,-0.0149019584210439,-0.0212150266826386,0.0114159553515008,-0.234586469297533,0.001859,1135.49449553145,1
0.5,0.288765427313835,-0.0191766004248505,-0.0209847534874804,0.011623481944672,-0.231888828995174,0.001779,1120.38464744099,1
0.52,0.288339647522181,-0.0234019392301769,-0.0207503880918589,0.0118253906888736,-0.229141050790126,0.001762,1104.87433720005,1
0.54,0.287829863285923,-0.0275770543978854,-0.0205120447367617,0.0120214871690986,-0.226352034357255,0.001795,1088.98387020305,1
0.56,0.287237086559537,-0.0317011974783155,-0.020269839311081,0.0122118009234697,-0.223524152044369,0.001814,1072.73367104187,1
0.58,0.286562343820208,-0.035773664652528,-0.0200238867839671,0.0123963944365771,-0.22065780406006,0.002049,1056.14425614232,1
0.6,0.285806675559861,-0.0397937582679986,-0.0197743011196592,0.0125753057679564,-0.217753427824896,0.002095,1039.2362068038,1
0.62,0.284971136154448,-0.0437607875757069,-0.0195211957524196,0.012748549883814,-0.214811908471852,0.001977,1022.03014239397,1
0.64,0.284056793638465,-0.0476740774707231,-0.01926468391612,0.0129161318676832,-0.21183443271871,0.001927,1004.54669383753,1
0.66,0.283064729333206,-0.051532974378599,-0.0190048787531562,0.0130780557885773,-0.208822299005583,0.001956,986.806477557516,1
0.68,0.281996037394335,-0.0553368484366898,-0.0187418933017415,0.0132343280013591,-0.20577681651735,0.001993,968.830069960263,1
0.7,0.280851824335541,-0.059085093705757,-0.0184758404466466,0.0133849575036971,-0.202699277744209,0.001894,950.637982502526,1
0.72,0.279633208553299,-0.0627771278469005,-0.0182068328706694,0.0135299555059387,-0.199590957430296,0.001845,932.250637358053,1
0.74,0.278341319858294,-0.0664123917786103,-0.0179349830148728,0.0136693349841517,-0.196453121335757,0.002035,913.688343696165,1
0.76,0.276977299011987,-0.0699903495052977,-0.0176604030450788,0.0138031105009799,-0.193287030063907,0.002086,894.971274585372,1
0.78,0.275542297265865,-0.0735104880209611,-0.0173832048207236,0.01393129814862,-0.190093940576439,0.002231,876.119444536652,1
0.8,0.274037475902308,-0.0769723172428565,-0.0171034998643131,0.0140539155458353,-0.186875105716858,0.002112,857.152687700465,1
0.82,0.27246400577688,-0.0803753699363051,-0.0168213993309798,0.0141709818306334,-0.183631772908079,0.002008,838.090636731154,1
0.84,0.27082306686237,-0.0837192016145221,-0.0165370139784737,0.0142825176243669,-0.180365185636724,0.002009,818.95270233071,1
0.86,0.26911584779454,-0.0870033904678324,-0.016250454137341,0.0143885450486572,-0.177076581128453,0.001908,799.758053483232,1
0.88,0.267343545419744,-0.0902275372479536,-0.015961829681352,0.0144890876836658,-0.17376719039526,0.001863,780.525598390147,1
0.9,0.265507364344844,-0.0933912651536179,-0.0156712499986571,0.0145841705369267,-0.170438238875754,0.002199,761.273966115023,1
0.92,0.26360851648928,-0.0964942197290955,-0.0153788239632885,0.014673820039913,-0.167090945260092,0.002251,742.021488945957,1
0.94,0.26164822063941,-0.099536068740195,-0.0150846599069854,0.0147580640191313,-0.163726520896994,0.002136,722.786185482483,1
0.96,0.259627702005421,-0.10251650203909,-0.0147888655916826,0.0148369316586088,-0.160346170841471,0.002009,703.585744452757,1
0.98,0.257548191780754,-0.105435231449976,-0.0144915481823578,0.0149104535015979,-0.156951092319609,0.001868,684.437509265945,1
1,0.255410926704098,-0.108291990625162,-0.0141928142202083,0.0149786614158389,-0.153542474470264,0.002016,665.358463303723,1
1.02,0.253217148624316,-0.111086534896489,-0.0138927695965145,0.0150415885595643,-0.150121499141783,0.001877,646.3652159537,1
1.04,0.250968104068183,-0.113818641142675,-0.0135915195268701,0.0150992693789354,-0.146689339225809,0.00186,627.473989386746,1
1.06,0.248665043811094,-0.1164881076245,-0.0132891685258688,0.0151517395647406,-0.143247159421257,0.001993,608.700606079174,1
1.08,0.246309222450922,-0.119094753835264,-0.0129858203823569,0.0151990360392713,-0.139796115819586,0.002147,590.060477079846,1
1.1,0.243901897984939,-0.121638420343492,-0.012681578134991,0.0152411969387614,-0.136337355300888,0.002112,571.568591021414,1
1.12,0.241444331390001,-0.12411896862421,-0.0123765440482484,0.0152782615857334,-0.132872014544368,0.002042,553.239503873973,1
1.14,0.238937786206292,-0.126536280871237,-0.0120708195892061,0.0153102704397794,-0.129401221730909,0.001939,535.08732943839,1
1.16,0.236383528124496,-0.128890259843031,-0.011764505404733,0.0153372651053309,-0.125926095255231,0.001912,517.125730575926,1
1.18,0.233782824576289,-0.131180828683728,-0.0114577012988334,0.0153592883088598,-0.1224477424526,0.001845,499.367911169977,1
1.2,0.231136944328665,-0.133407930719648,-0.0111505062107487,0.0153763838457888,-0.118967261235916,0.001878,481.826608814783,1
1.22,0.228447157082002,-0.135571529288056,-0.0108430181935735,0.0153885965820421,-0.115485738676902,0.002044,464.514088225202,1
1.24,0.22571473307183,-0.137671607538534,-0.0105353343931903,0.015395972420716,-0.112004250831482,0.002158,447.44213536103,1
1.26,0.222940942674608,-0.139708168231246,-0.0102275510278566,0.0153985582701092,-0.108523863190889,0.002218,430.622052258434,1
1.28,0.22012705601743,-0.141681233544281,-0.00991976336823559,0.0153964020312444,-0.105045630063209,0.00204,414.064652560474,1
1.3,0.21727434259172,-0.143590844869218,-0.00961206571779636,0.0153895525734656,-0.101570593547471,0.001951,397.780257737986,1
1.32,0.2143840708712,-0.145437062586942,-0.00930455139394135,0.0153780596860205,-0.0980997854035692,0.001946,381.778693991363,1
1.34,0.211457507933978,-0.147219965880206,-0.00899731270949698,0.0153619740901627,-0.0946342248185417,0.001874,366.069289823205,1
1.36,0.208495919088823,-0.148939652502874,-0.00869044095455831,0.0153413473916251,-0.0911749191268925,0.001853,350.660874271241,1
1.38,0.205500567505904,-0.150596238563465,-0.00838402637901767,0.0153162320597099,-0.0877228634540685,0.001909,335.561775790206,1
1.4,0.202472713851928,-0.152189858301993,-0.00807815817556191,0.0152866814013158,-0.0842790404763534,0.002264,320.779821770865,1
1.42,0.199413615929792,-0.153720663862345,-0.00777292446320695,0.0152527495331508,-0.0808444209447359,0.001971,306.322338683856,1
1.44,0.196324528322672,-0.15518882507512,-0.00746841227118396,0.0152144913743376,-0.0774199622588227,0.002137,292.196152835493,1
1.46,0.193206702042739,-0.156594529212867,-0.007164707523341,0.0151719626022381,-0.0740066090561911,0.001945,278.407591722228,1
1.48,0.190061384184652,-0.157937980757033,-0.00686189502320791,0.0151252196302668,-0.0706052934233909,0.001878,264.962485969903,1
1.5,0.186889817583665,-0.159219401169238,-0.00656005843939708,0.01507431959647,-0.0672169335426176,0.001909,251.866171843598,1
1.52,0.183693240478576,-0.160439028636346,-0.00625928029158373,0.0150193203169684,-0.0638424353215257,0.001871,239.123494313453,1
1.54,0.180472886179449,-0.161597117847534,-0.00595964193689739,0.0149602802913721,-0.0604826903777891,0.001907,226.738810661416,1
1.56,0.177229982740192,-0.162693939732223,-0.0056612235567528,0.0148972586534033,-0.0571385768030765,0.002199,214.715994613602,1
1.58,0.173965752636218,-0.163729781213095,-0.00536410414440458,0.0148303151478501,-0.0538109593886062,0.002146,203.058440982491,1
1.6,0.170681412447009,-0.164704944963688,-0.0050683614928586,0.0147595101179331,-0.0505006888975501,0.001858,191.769070802984,1
1.62,0.167378172543659,-0.165619749151957,-0.00477407218321169,0.014684904475081,-0.0472086022323808,0.002108,180.850336946069,1
1.64,0.164057236781518,-0.166474527187268,-0.00448131157351112,0.0146065596771464,-0.0439355220492459,0.001988,170.304230193553,1
1.66,0.160719802197971,-0.167269627460011,-0.00419015378812845,0.0145245376987276,-0.0406822569253151,0.001912,160.132285757078,1
1.68,0.15736705871538,-0.168005413084637,-0.00390067170764554,0.0144389010096094,-0.0374496012569168,0.001899,150.335590224488,1
1.7,0.154000188849199,-0.16868226164084,-0.00361293695917043,0.0143497125533044,-0.0342383348957398,0.002022,140.914788916379,1
1.72,0.150620367421321,-0.169300564907773,-0.00332701990715928,0.0142570357178857,-0.031049223483528,0.002208,131.870093635578,1
1.74,0.147228761278685,-0.169860728604923,-0.00304298964469564,0.0141609343193957,-0.0278830178700034,0.002177,123.201290792102,1
1.76,0.14382652901717,-0.170363172121753,-0.00276091398524516,0.0140614725708666,-0.0247404544184562,0.002079,114.907749886094,1
1.78,0.140414820710841,-0.170808328253412,-0.00248085945491535,0.0139587150627687,-0.0216222547292588,0.002162,106.988432331116,1
1.8,0.136994777646527,-0.171196642931161,-0.00220289128516365,0.0138527267377109,-0.0185291257053493,0.001997,99.4419006001339,1
1.82,0.133567532063788,-0.171528574954175,-0.00192707340597008,0.0137435728692551,-0.0154617593048485,0.00192,92.2663276765149,1
1.84,0.130134206900277,-0.171804595716614,-0.00165346843948521,0.0136313190355465,-0.012420832642924,0.001903,85.4595067922941,1
1.86,0.126695915542559,-0.172025188936765,-0.00138213769415638,0.0135160310978299,-0.0094070078608226,0.001942,79.0188614360265,1
1.88,0.123253761582352,-0.17219085038371,-0.00111314115930415,0.0133977751768946,-0.00642093231504504,0.002159,72.9414556125403,1
1.9,0.119808838578216,-0.172302087607761,-0.000846537500097873,0.0132766176366838,-0.00346323779881885,0.002237,67.224004336967,1
1.92,0.116362229822767,-0.172359419655768,-0.000582384053071861,0.0131526250466131,-0.000534541575284209,0.002214,61.8628843455001,1
1.94,0.1129150081154,-0.172363376806652,-0.000320736822079259,0.0130258641754452,0.00236455468479591,0.002239,56.8541450054017,1
1.96,0.109468235540489,-0.172314500286262,-6.16504746670454e-05,0.0128964019552875,0.00523346402992075,0.001995,52.1935194069224,1
1.98,0.106022963251139,-0.172213341999317,0.000194821661095232,0.0127643054721956,0.00807161502820719,0.002104,47.8764356198971,1
2,0.102580231258436,-0.172060464245775,0.000448627599374154,0.0126296419342912,0.0108784511853131,0.00198,43.8980280979491,1
2.02,0.0991410682262732,-0.171856439448597,0.000699716698871945,0.0124924786577026,0.0136534315556176,0.001876,40.2531492133853,1
2.04,0.0957064912717252,-0.171601849869608,0.000948039664672763,0.0123528830352773,0.0163960303056641,0.002279,36.9363809060515,1
2.06,0.0922775057710305,-0.171297287333913,0.00119354854959625,0.0122109225185702,0.0191057364886049,0.002211,33.9420464296239,1
2.08,0.0888551051710368,-0.170943352958716,0.00143619675526081,0.012066664606814,0.0217820546844862,0.001982,31.2642221790109,1
2.1,0.0854402708061952,-0.170540656869672,0.00167593903274199,0.0119201768174334,0.0244245050293515,0.001765,28.8967495827973,1
2.12,0.082033971721234,-0.170089817916666,0.00191273148263408,0.0117715266558294,0.0270326222766428,0.001713,26.8332470448843,1
2.14,0.0786371644993324,-0.169591463407915,0.00214653155478195,0.0116207816125944,0.0296059566775924,0.001737,25.0671219197361,1
2.16,0.0752507930957854,-0.169046228826877,0.00237729804769853,0.0114680091348491,0.0321440737556671,0.001622,23.5915825059527,1
2.18,0.0718757886772854,-0.168454757553558,0.0026049911074728,0.0113132766039241,0.0346465541901537,0.001643,22.399650043127,1
2.2,0.0685130694667558,-0.167817700588065,0.00282957222626161,0.011156651316051,0.0371129937070194,0.001879,21.4841706972888,1
2.22,0.0651635405936926,-0.167135716276272,0.00305100424042236,0.0109982004657266,0.0395430031080153,0.002191,20.8378275205127,1
2.24,0.0618280939499978,-0.166409470034885,0.00326925132829832,0.0108379911275981,0.0419362084161961,0.002183,20.4531523706122,1
2.26,0.0585076080513411,-0.16563963407364,0.00348427900759178,0.0106760902333456,0.0442922508322638,0.002057,20.3225377771709,1
2.28,0.0552029479040693,-0.164826887118301,0.00369605413227912,0.0105125645489581,0.0466107863052869,0.001838,20.4382487405055,1
2.3,0.0519149648775718,-0.163971914142006,0.00390454488918704,0.0103474806635601,0.048891485809186,0.001818,20.7924344504906,1
2.32,0.0486444965820746,-0.16307540609115,0.00410972079425349,0.0101809049690418,0.051134035400942,0.00174,21.3771399125761,1
2.34,0.0453923667519279,-0.162138059610093,0.00431155268835219,0.010012903636759,0.0533381357258307,0.001724,22.1843174686474,1
2.36,0.0421593851343036,-0.161160576775446,0.00451001273278254,0.00984354260735834,0.0555035022720816,0.001714,23.2058382008045,1
2.38,0.0389463473832578,-0.160143664825335,0.00470507440446728,0.00967288757170854,0.0576298657928831,0.002138,24.4335032064757,1
2.4,0.0357540349592907,-0.159088035880353,0.00489671249062979,0.00950100393791283,0.0597169707857077,0.002107,25.8590547337109,1
2.42,0.0325832150341918,-0.157994406694105,0.00508490308323978,0.00932795684111439,0.0617645772530935,0.002207,27.4741871658808,1
2.44,0.0294346404012181,-0.156863498369326,0.00526962357312235,0.00915381110001419,0.0637724589564144,0.00189,29.2705578453849,1
2.46,0.0263090493906107,-0.155696036107971,0.00545085264368946,0.00897863122257811,0.0657404048637957,0.001733,31.2397977264282,1
2.48,0.0232071657903927,-0.154492748932976,0.00562857026434221,0.00880248136738547,0.0676682176367152,0.001704,33.3735218472927,1
2.5,0.0201296987724371,-0.153254369439444,0.00580275768352178,0.00862542534713773,0.0695557145031174,0.001812,35.66333961296,1
2.52,0.0170773428236833,-0.151981633528699,0.00597339742155337,0.00844752660442802,0.0714027268790645,0.00177,38.1008648793501,1
2.54,0.0140507776825988,-0.150675280149618,0.00614047326309339,0.008268848196285,0.073209100514255,0.00186,40.6777258308826,1
2.56,0.0110506682808442,-0.149336051037012,0.00630397024920104,0.00808945277204469,0.0749746947789802,0.00211,43.3855746434564,1
2.58,0.00807766469003286,-0.147964690463808,0.00646387466915093,0.00790940256956518,0.0766993831297853,0.002263,46.2160969253845,1
2.6,0.00513240207353801,-0.146561944984026,0.00662017405200787,0.007728759395226,0.0783830527820513,0.001974,49.1610209292424,1
2.62,0.00221550064337869,-0.145128563182025,0.00677285715787088,0.0075475846108216,0.0800256049282737,0.001884,52.2121265279843,1
2.64,-0.000672434377835985,-0.143665295417358,0.00692191396876339,0.00736593911127803,0.0816269537485326,0.001739,55.361253949142,1
2.66,-0.00353081279005129,-0.142172893588811,0.0070673356793386,0.00718388332843844,0.0831870274291262,0.001621,58.6003122613248,1
2.68,-0.00635905944399202,-0.140652110878426,0.00720911468733329,0.00700147720210526,0.0847057675877707,0.001584,61.9212876076272,1
2.7,-0.00915661426437887,-0.139103701506609,0.00734724458358019,0.0068187801648407,0.0861831287351791,0.001687,65.3162511810394,1
2.72,-0.0119229322683506,-0.137528420497588,0.0074817201418425,0.00663585113936321,0.0876190785733755,0.001939,68.7773669373051,1
2.74,-0.0146574835791358,-0.135927023438917,0.00761253730847705,0.00645274852400801,0.0890135980466269,0.002033,72.2968990411084,1
2.76,-0.0173597534349031,-0.134300266239833,0.00773969319175903,0.00626953017340734,0.0903666809339896,0.002294,75.8672190418652,1
2.78,-0.0200292421928567,-0.132648904897401,0.00786318605090575,0.00608625338769765,0.0916783333690958,0.001855,79.4808127758605,1
2.8,-0.0226654653287466,-0.130973695271884,0.00798301528499052,0.00590297491231643,0.0929485747350967,0.001834,83.1302869917472,1
2.82,-0.0252679534317108,-0.129275392844485,0.00809918142155561,0.00571975090809755,0.0941774365878203,0.001905,86.8083756969724,1
2.84,-0.0278362521944797,-0.127554752495934,0.00821168610490603,0.00553663694924489,0.0953649626412201,0.001743,90.507946222987,1
2.86,-0.0303699223991543,-0.125812528285195,0.0083205320843303,0.00535368801804758,0.0965112092694156,0.001672,94.2220050074746,1
2.88,-0.0328685398984583,-0.124049473218203,0.00842572320203135,0.00517095848116781,0.0976162444662307,0.001837,97.9437030922998,1
2.9,-0.0353316955925669,-0.122266339036738,0.00852726438084945,0.00498850209254259,0.0986801486382731,0.002089,101.666341336154,1
2.92,-0.0377589954015557,-0.120463875991634,0.0086251616117724,0.00480637196919826,0.0997030136663355,0.002133,105.383375341332,1
2.94,-0.040150060233496,-0.118642832634133,0.00871942194119712,0.00462462059055843,0.100684943021811,0.001973,109.088420094333,1
2.96,-0.042504525948352,-0.116803955604779,0.00881005345810316,0.0044432997903306,0.101626051890385,0.001857,112.775254320488,1
2.98,-0.0448220433176299,-0.114947989419718,0.00889706528098726,0.00426246074070618,0.102526466808236,0.001749,116.437824552931,1
3,-0.047102277979823,-0.113075676263904,0.00898046754454698,0.00408215394305551,0.1033863250072,0.001743,120.070248916846,1
3.02,-0.0493449103918454,-0.111187755796892,0.00906027138632788,0.00390242923358506,0.104205775462511,0.00167,123.666820629993,1
3.04,-0.0515496357763764,-0.109284964937996,0.00913648893313506,0.00372333575410998,0.104984977670433,0.001682,127.222011221045,1
3.06,-0.0537161640651438,-0.107368037675104,0.00920913328717479,0.00354492195426538,0.105724102063,0.001694,130.730473467473,1
3.08,-0.0558442198383012,-0.105437704865196,0.00927821851207522,0.00336723557720618,0.106423328836577,0.002067,134.187044055046,1
3.1,-0.057933542260042,-0.103494694057521,0.00934375961891981,0.00319032367517534,0.107082849403419,0.002099,137.586745961313,1
3.12,-0.0599838850103912,-0.101539729288256,0.00940577255212339,0.0030142325781903,0.107702865591314,0.001964,140.924790565663,1
3.14,-0.0619950162130454,-0.0995735308905642,0.00946427417487111,0.00283900788162499,0.108283588406671,0.001942,144.19657948903,1
3.16,-0.0639667183596527,-0.0975968153285918,0.00951928225462509,0.0026646944653979,0.108825239496987,0.001906,147.397706166357,1
3.18,-0.065898788230485,-0.0956102950027135,0.00957081544854126,0.00249133646580125,0.109328049728397,0.001729,150.523957155293,1
3.2,-0.0677910368114911,-0.0936146780823253,0.00961889328869274,0.00231897728431357,0.109792259647698,0.00181,153.571313184869,1
3.22,-0.069643289207913,-0.0916106683294091,0.00966353616728774,0.00214765957823999,0.110218119707902,0.00172,156.53594994808,1
3.24,-0.0714553845543274,-0.089598964917484,0.00970476532158738,0.00197742524004841,0.110605889031326,0.001881,159.414238642586,1
3.26,-0.0732271759213056,-0.0875802622744731,0.00974260281872445,0.00180831540811671,0.11095583562787,0.002059,162.202746264008,1
3.28,-0.0749585302188858,-0.0855552499210955,0.00977707154062538,0.0016403704663247,0.111268237180816,0.002126,164.898235656335,1
3.3,-0.0766493280966581,-0.0835246122937078,0.0098081951686465,0.00147363001586046,0.11154337895136,0.00196,167.497665324346,1
3.32,-0.078299463840712,-0.0814890286078101,0.00983599816821083,0.00130813290347636,0.111781555510284,0.001797,169.998189013087,1
3.34,-0.0799088452675153,-0.0794491726875456,0.00986050577345499,0.00114391719424673,0.111983069952153,0.001736,172.397155059496,1
3.36,-0.0814773936145332,-0.0774057128103083,0.00988174397151238,0.00098102016241006,0.11214823268751,0.001484,174.692105521732,1
3.38,-0.0830050434279729,-0.0753593115746927,0.00989973948691696,0.000819478312601159,0.112277362727077,0.00168,176.880775091623,1
3.4,-0.0844917424476353,-0.0733106257431627,0.00991451976600686,0.000659327358596825,0.112370786906872,0.001659,178.96108979595,1
3.42,-0.0859374514887675,-0.0712603060996146,0.00992611296108005,0.000500602219766534,0.112428839153331,0.00189,180.931165492447,1
3.44,-0.0873421443212096,-0.069208997321051,0.00993454791464412,0.000343337034032724,0.112451861651103,0.002224,182.789306166438,1
3.46,-0.0887058075457429,-0.067157337826243,0.00993985414353373,0.000187565131678833,0.11244020294766,0.002183,184.534002034235,1
3.48,-0.0900284404677806,-0.0651059596611455,0.00994206182300857,3.33190595824177e-05,0.112394219408493,0.001964,186.16392745948,1
3.5,-0.091310054968479,-0.0630554883556917,0.00994120177086009,-0.000119369442137427,0.112314273892885,0.001794,187.677938688759,1
3.52,-0.0925506753732422,-0.0610065428061956,0.00993730543138818,-0.000270469429776541,0.112200736317796,0.001758,189.075071412881,1
3.54,-0.0937503383177614,-0.0589597351465227,0.00993040485936918,-0.000419950767257943,0.112053982613766,0.001679,190.354538160286,1
3.56,-0.0949090926116794,-0.0569156706394017,0.00992053270405449,-0.000567784111861185,0.111874395565287,0.001696,191.515725529215,1
3.58,-0.0960269990999154,-0.0548749475511099,0.00990772219315822,-0.000713940929589246,0.111662364126865,0.001725,192.558191265119,1
3.6,-0.0971041305216141,-0.0528381570392723,0.00989200711668675,-0.000858393495611874,0.111418282615382,0.002082,193.48166119017,1
3.62,-0.0981405713670064,-0.0508058830561875,0.00987342181094486,-0.00100111487616463,0.111142551870621,0.00218,194.286025991425,1
3.64,-0.0991364177321077,-0.0487787022292799,0.00985200114251384,-0.0011420789494512,0.110835578152951,0.002194,194.971337874498,1
3.66,-0.100091777171238,-0.0467571837628292,0.00982778049208316,-0.00128126039938635,0.110497773066932,0.001969,195.5378070895,1
3.68,-0.10100676854759,-0.0447418893409578,0.00980079573837877,-0.00141863471219664,0.110129553401244,0.0019,195.98579833607,1
3.7,-0.101881521881884,-0.0427333730335124,0.00977108324215539,-0.00155417817340625,0.109731341401535,0.001611,196.315827054286,1
3.72,-0.102716178199086,-0.04073218119639,0.00973867983011867,-0.00168786787787241,0.109303563813633,0.001593,196.528555608273,1
3.74,-0.103510889373319,-0.0387388523903022,0.00970362277887578,-0.00181968171690867,0.108846652149118,0.00186,196.624789369344,1
3.76,-0.10426581797109,-0.0367539172941282,0.00966594979901522,-0.00194959837822683,0.108361042907241,0.00201,196.605472705433,1
3.78,-0.104981137092745,-0.034777898613708,0.00962569901907249,-0.00207759735741829,0.107847176225228,0.002089,196.471684883619,1
3.8,-0.105657030212353,-0.0328113110167406,0.00958290896961041,-0.00220365893500299,0.107305497075181,0.002359,196.224635892452,1
3.82,-0.106293691016061,-0.0308546610441007,0.00953761856735805,-0.00232776419350982,0.106736454061725,0.001918,195.865662190817,1
3.84,-0.106891323238904,-0.0289084470443871,0.00948986709930973,-0.00244989500440419,0.106140499693034,0.001859,195.396222389961,1
3.86,-0.107450140500244,-0.0269731591029548,0.00943969420695592,-0.00257003402794654,0.105518090066148,0.001872,194.817892875302,1
3.88,-0.107970366137861,-0.0250492789768617,0.0093871398705594,-0.00268816470882095,0.104869685027047,0.001724,194.132363374542,1
3.9,-0.108452233040703,-0.0231372800264655,0.00933224439342221,-0.00280427128141522,0.104195747433955,0.001782,193.341432478586,1
3.92,-0.108895983480405,-0.0212376271611691,0.00927504838621299,-0.00291833875851271,0.103496743266483,0.001845,192.447003121678,1
3.94,-0.109301868941711,-0.0193507767828124,0.00921559275143905,-0.00303035292810508,0.102773141520125,0.002079,191.451078027027,1
3.96,-0.109670149951768,-0.0174771767309001,0.00915391866796411,-0.0031403003520173,0.102025413756969,0.002075,190.355755124194,1
3.98,-0.110001095908425,-0.0156172662363739,0.00909006757563623,-0.00324816835626372,0.101254034907875,0.001962,189.163222944364,1
4,-0.110294984907435,-0.0137714758595119,0.00902408115982516,-0.00335394504973909,0.100459481212461,0.001968,187.875755999589,1
4.02,-0.110552103568823,-0.0119402274678005,0.00895600133613999,-0.00345761928750721,0.0996422319271417,0.001771,186.495710151938,1
4.04,-0.110772746862475,-0.0101239341802628,0.00888587023533316,-0.00355918068884966,0.0988027679445125,0.001931,185.025517978331,1
4.06,-0.110957217932879,-0.00832300033850726,0.00881373018819974,-0.00365861961969844,0.0979415724454569,0.001714,183.467684136858,1
4.08,-0.111105827923156,-0.00653782146483699,0.00873962371058975,-0.00375592719889514,0.0970591302820552,0.001618,181.824780740119,1
4.1,-0.111218895798376,-0.00476878423218423,0.00866359348842843,-0.00385109529113131,0.0961559275719495,0.001758,180.099442741157,1
4.12,-0.111296748168348,-0.00301626644174587,0.00858568236294929,-0.00394411649272034,0.0952324522513166,0.002064,178.294363337266,1
4.14,-0.111339719109848,-0.00128063698961825,0.00850593331600346,-0.00403498413819579,0.0942891932058458,0.002001,176.412289396929,1
4.16,-0.111348149988355,0.000437744149822624,0.00842438945544487,-0.00412369228611608,0.0933266406251008,0.002149,174.456016914984,1
4.18,-0.111322389279379,0.00213852594766368,0.0083410940006498,-0.00421023571982826,0.0923452854347673,0.001906,172.428386500985,1
4.2,-0.111262792389422,0.00382136633332682,0.00825609026814153,-0.00429460993617913,0.091345619369271,0.001889,170.332278905535,1
4.22,-0.111169721476667,0.00548593220906306,0.00816942165737435,-0.00437681114086381,0.0903281349600675,0.00173,168.170610589302,1
4.24,-0.111043545271376,0.00713189946442168,0.00808113163656921,-0.00445683624791123,0.0892933250842489,0.001666,165.946329339236,1
4.26,-0.110884638896091,0.00875895298211473,0.00799126372864703,-0.00453468287042124,0.0882416827124999,0.001689,163.662409936357,1
4.28,-0.110693383685751,0.010366786639164,0.00789986149737694,-0.00461034930833498,0.0871737010788038,0.002084,161.32184987936,1
4.3,-0.110470167007768,0.0119551033115567,0.00780696853367577,-0.00468383454551731,0.0860898736208711,0.002141,158.927665168051,1
4.32,-0.110215382082005,0.0135236148779356,0.00771262844194024,-0.00475513824941525,0.0849906934744595,0.002305,156.482886150608,1
4.34,-0.109929427800788,0.0150720422136172,0.00761688482649079,-0.00482426076021979,0.0838766531150341,0.001925,153.990553438386,1
4.36,-0.109612708549094,0.0166001151778108,0.00751978127829459,-0.00489120307377897,0.0827482450808148,0.001806,151.45371389187,1
4.38,-0.109265634024866,0.0181075726151358,0.00742136136177693,-0.00495596684983664,0.0816059612119844,0.001758,148.875416681211,1
4.4,-0.108888619059431,0.0195941623424823,0.00732166860164882,-0.00501855440217497,0.0804502920149517,0.001663,146.258709424658,1
4.42,-0.108482083438312,0.0210596411236556,0.00722074647007651,-0.0050789686742618,0.0792817280638829,0.001693,143.60663440797,1
4.44,-0.108046451722264,0.0225037746715494,0.00711863837388763,-0.00513721325993709,0.0781007581457871,0.001751,140.922224887788,1
4.46,-0.107582153068636,0.0239263376143095,0.00701538764186595,-0.00519329237386083,0.0769078702991592,0.002165,138.208501481778,1
4.48,-0.107089621053196,0.0253271134819442,0.00691103751229356,-0.0052472108563114,0.0757035507007586,0.002117,135.468468648144,1
4.5,-0.106569293492446,0.0267058946713901,0.00680563112068363,-0.00529897414931861,0.0744882847206227,0.001949,132.70511125701,1
4.52,-0.106021612266424,0.0280624824323391,0.00669921148764335,-0.005348588307506,0.0732625559198041,0.001799,129.921391255956,1
4.54,-0.105447023141985,0.0293966868336819,0.00659182150677494,-0.00539605998343575,0.0720268459030322,0.001881,127.120244431891,1
4.56,-0.10484597559678,0.030708326727249,0.00648350393287509,-0.00544139641241134,0.0707816347880126,0.001792,124.304577271233,1
4.58,-0.104218922643867,0.0319972297208763,0.00637430137026396,-0.00548460541470807,0.0695274005451338,0.001714,121.477263920223,1
4.6,-0.103566320656989,0.0332632321387535,0.00626425626122604,-0.00552569538215016,0.0682646189256175,0.001612,118.641143247047,1
4.62,-0.102888629196654,0.0345061789805348,0.00615341087470434,-0.00556467526618975,0.0669937637689273,0.00186,115.799016007281,1
4.64,-0.102186310836972,0.0357259238866085,0.00604180729510757,-0.00560155457852407,0.0657153062478883,0.002039,112.953642113998,1
4.66,-0.101459830993338,0.0369223290887968,0.00592948741129062,-0.0056363433731309,0.0644297154180222,0.00214,110.107738013766,1
4.68,-0.100709657750984,0.0380952653719309,0.00581649290569921,-0.00566905224782026,0.0631374572425685,0.001955,107.263974169562,1
4.7,-0.0999362616944949,0.0392446120165562,0.00570286524373462,-0.00569969232065187,0.0618389955110743,0.001797,104.4249726515,1
4.72,-0.0991401157382838,0.0403702567597119,0.00558864566328807,-0.00572827523654786,0.0605347910117544,0.001735,101.593304836125,1
4.74,-0.0983216949580166,0.0414720957397116,0.00547387516435212,-0.00575481315298046,0.0592253014587314,0.001747,98.7714892148786,1
4.76,-0.0974814764231507,0.0425500334396506,0.00535859449890699,-0.00577931872676104,0.0579109816793917,0.001618,95.9619893121826,1
4.78,-0.0966199390305673,0.0436039826347125,0.00524284416098484,-0.00580180510946781,0.0565922833015193,0.001572,93.1672117134471,1
4.8,-0.0957375633393156,0.0446338643335128,0.00512666437688568,-0.00582228593682746,0.055269654753296,0.001977,90.3895042031833,1
4.82,-0.0948348314065303,0.0456396077195803,0.00501009509557513,-0.00584077532115011,0.0539435410359275,0.00205,87.6311540132519,1
4.84,-0.0939122266245613,0.0466211500885394,0.00489317597926992,-0.00585728784010791,0.0526143837054533,0.002154,84.894386181145,1
4.86,-0.0929702335593625,0.0475784367850699,0.00477594639422368,-0.00587183852791507,0.0512826208763855,0.001961,82.18136201807,1
4.88,-0.0920093377901393,0.0485114211400687,0.00465844540165925,-0.00588444286949326,0.0499486867524084,0.001856,79.4941776864726,1
4.9,-0.0910300257503434,0.0494200643987835,0.00454071174892654,-0.00589511678372874,0.0486130121939041,0.001884,76.8348628865144,1
4.92,-0.0900327845699921,0.0503043356601448,0.00442278386080168,-0.00590387662609328,0.04727602373206,0.001707,74.2053796508901,1
4.94,-0.0890181019193933,0.0511642117969844,0.00430469983099483,-0.00591073916513207,0.0459381441909628,0.001784,71.6076212472601,1
4.96,-0.0879864658543423,0.0519996773885122,0.0041864974139199,-0.00591572157978216,0.0445997926130204,0.001935,69.0434111874368,1
4.98,-0.0869383646626836,0.0528107246514547,0.0040682140165138,-0.00591884145709285,0.0432613834731583,0.002195,66.5145023423845,1
5,-0.0858742867124012,0.0535973533559772,0.00394988669030564,-0.00592011676949548,0.0419233272881812,0.001997,64.0225761619574,1
5.02,-0.0847947203012708,0.0543595707536059,0.00383155212373765,-0.00591956587235584,0.0405860303330101,0.002239,61.5692419981935,1
5.04,-0.083700153508008,0.0550973914997244,0.00371324663459391,-0.00591720749562629,0.0392498944642412,0.002053,59.156036530893,1
5.06,-0.0825910740449994,0.0558108375727323,0.00359500616262407,-0.00591306073268913,0.0379153169418842,0.001779,56.7844232941101,1
5.08,-0.0814679691126849,0.0564999381898313,0.0034768662624194,-0.00590714502626765,0.036582690889567,0.00187,54.4557923020778,1
5.1,-0.0803313252555332,0.0571647297318904,0.00335886209641369,-0.00589948017002214,0.035252404355937,0.001777,52.1714597730086,1
5.12,-0.0791816282197019,0.0578052556500962,0.00324102842810497,-0.0058900862848577,0.0339248411004647,0.001706,49.9326679491249,1
5.14,-0.0780193628124105,0.0584215663880315,0.00312339961550016,-0.00587898382031724,0.0326003800550225,0.002068,47.7405850111702,1
5.16,-0.0768450127629761,0.0590137192933408,0.0030060096046688,-0.0058661935422704,0.0312793952802295,0.002215,45.5963050856109,1
5.18,-0.0756590605856235,0.0595817785286347,0.00288889192353573,-0.00585173652131668,0.0299622559690889,0.002041,43.5008483426201,1
5.2,-0.0744619874440747,0.0601258149825525,0.00277207967588539,-0.00583563412321525,0.0286493264651781,0.002053,41.4551611828884,1
5.22,-0.0732542730179144,0.0606459061812647,0.00265560553553342,-0.00581790800170759,0.0273409660880262,0.001789,39.4601165112288,1
5.24,-0.0720363953707567,0.0611421361966494,0.0025395017406748,-0.0057985800880384,0.0260375290385255,0.001783,37.516514094883,1
5.26,-0.0708088308202679,0.0616145955527036,0.00242380008845166,-0.00577767257945373,0.0247393645335379,0.001762,35.6250810043704,1
5.28,-0.0695720538100326,0.0620633811346565,0.00230853192969481,-0.00575520793331893,0.0234468164639239,0.001712,33.7864721346676,1
5.3,-0.0683265367833041,0.0624885960914846,0.0021937281638667,-0.00573120885285613,0.0221602237074094,0.001703,32.001270804453,1
5.32,-0.0670727500586426,0.0628903497446023,0.00207941923418222,-0.00570569828359749,0.020879919721132,0.00217,30.2699894310994,1
5.34,-0.0658111617074588,0.0632687574886706,0.00196563512290466,-0.00567869939942721,0.0196062326762458,0.002158,28.5930702790572,1
5.36,-0.0645422374335137,0.0636239406950983,0.00185240534686669,-0.00565023559400604,0.0183394854106282,0.002056,26.9708862792231,1
5.38,-0.0632664404543574,0.0639560266146831,0.00173975895316292,-0.00562033047219498,0.0170799953524821,0.001997,25.4037419168527,1
5.4,-0.0619842313847294,0.0642651482788225,0.00162772451502285,-0.00558900784057121,0.0158280745130597,0.001877,23.8918741855463,1
5.42,-0.0606960681219357,0.06455144440064,0.00151633012786294,-0.00555629169900192,0.0145840293011261,0.001771,22.4354536048011,1
5.44,-0.059402405733238,0.0648150592725469,0.00140560340554916,-0.0055222062279999,0.0133481607339618,0.001766,21.0345852985991,1
5.46,-0.0581036963452517,0.0650561426679725,0.00129557147683925,-0.00548677578339965,0.0121207641499623,0.001733,19.689310132473,1
5.48,-0.0568003890353628,0.0652748497375369,0.0011862609820044,-0.00545002488371755,0.0109021294050891,0.002162,18.3996059064801,1
5.5,-0.0554929297251848,0.0654713409091035,0.00107769806963591,-0.00541197820429303,0.00969254065822867,0.00221,17.1653886014907,1
5.52,-0.0541817610760539,0.0656457817836881,0.000969908393621935,-0.00537266056612915,0.00849227644395256,0.001994,15.9865136761908,1
5.54,-0.0528673223865927,0.0657983430328298,0.000862917110316739,-0.00533209692778293,0.0073016095561016,0.001907,14.8627774121856,1
5.56,-0.0515500494923485,0.065929200293729,0.000756748875897592,-0.00529031237471165,0.00612080712054563,0.001858,13.7939183045861,1
5.58,-0.0502303746675138,0.0660385340658418,0.00065142784390526,-0.00524733211155066,0.00495013056971771,0.001733,12.779618495459,1
5.6,-0.0489087265287205,0.0661265296070123,0.000546977662938829,-0.00520318145439626,0.0037898354607151,0.00179,11.8195052475203,1
5.62,-0.0475855299409454,0.0661933768260864,0.000443421474551033,-0.00515788581846158,0.00264017172268183,0.001685,10.9131524554581,1
5.64,-0.0462612059255161,0.0662392701803814,0.000340781911311652,-0.00511147071360535,0.00150138332575267,0.001867,10.060082192275,1
5.66,-0.0449361715702307,0.0662644085667237,0.000239081095051262,-0.00506396173075764,0.000373708575729381,0.002263,9.25976628805302,1
5.68,-0.0436108399416002,0.0662689952182582,0.000138340635284933,-0.00501538453749046,-0.00074262010783599,0.002094,8.5116279385548,1
5.7,-0.0422856199991966,0.066253237596951,3.85816277846204e-05,-0.00496576486756964,-0.00184737610069163,0.001831,7.81504334109353,1
5.72,-0.0409609165121335,0.0662173472878847,-6.0175346670392e-05,-0.00491512851358892,-0.00294033875578492,0.00196,7.16934335512003,1
5.74,-0.0396371299776967,0.0661615398900212,-0.000157910223346255,-0.00486350131464559,-0.00402129307584431,0.001692,6.57381518499859,1
5.76,-0.0383146565420947,0.066086034913368,-0.000254603454459769,-0.00481090915390246,-0.00509003013174691,0.001896,6.02770408246571,1
5.78,-0.0369938879233474,0.0659910556679914,-0.000350236009915128,-0.00475737794417031,-0.00614634668053071,0.001789,5.53021506629595,1
5.8,-0.0356752113363205,0.0658768291604941,-0.000444789377866202,-0.00470293362486923,-0.00719004547826074,0.001719,5.0805146567229,1
5.82,-0.0343590094198909,0.0657435859843942,-0.000538245565128129,-0.00464760214999149,-0.00822093508357824,0.002021,4.67773262220158,1
5.84,-0.0330456601662664,0.065591560214342,-0.00063058709740675,-0.00459140948191245,-0.00923882988316649,0.002049,4.32096373612545,1
5.86,-0.0317355368524253,0.0654209892998423,-0.000721797019397399,-0.00453438158450855,-0.0102435502481839,0.002056,4.00926954115318,1
5.88,-0.0304290079737132,0.0652321139559254,-0.000811858894700413,-0.00447654441170192,-0.0112349223087094,0.001961,3.74168011883481,1
5.9,-0.0291264371795817,0.0650251780582151,-0.000900756805573083,-0.00441792390255118,-0.0122127781065373,0.002035,3.51719586226854,1
5.92,-0.0278281832114551,0.0648004285350126,-0.000988475352537802,-0.00435854597177229,-0.0131769555115042,0.001742,3.33478924956268,1
5.94,-0.0265345998427407,0.0645581152610047,-0.00107499965382369,-0.00429843650255792,-0.014127298152367,0.001967,3.19340661591842,1
5.96,-0.0252460358209497,0.0642984909523132,-0.00116031534468297,-0.00423762134122388,-0.0150636556387198,0.001777,3.09196992219835,1
5.98,-0.0239628348119619,0.0640218110572021,-0.00124440857653298,-0.00417612628512157,-0.0159858832772315,0.001798,3.02937851789094,1
6,-0.0226853353464206,0.0637283336523091,-0.00132726601593662,-0.00411397707855621,-0.0168938421771472,0.002247,3.00451089643112,1
6.02,-0.021413870768223,0.0634183193368026,-0.00140887484346696,-0.00405119940528014,-0.0177873992284603,0.002187,3.01622644088719,1
6.04,-0.0201487691851244,0.0630920311269476,-0.00148922275242435,-0.00398781888124435,-0.0186664272183279,0.001927,3.06336715807696,1
6.06,-0.0188903534214734,0.0627497343483801,-0.00156829794737034,-0.00392386104351229,-0.0195308044781868,0.002088,3.14475939922928,1
6.08,-0.0176389409730329,0.0623916965352458,-0.00164608914253828,-0.00385935134901596,-0.0203804151020321,0.001839,3.25921556536176,1
6.1,-0.0163948439638612,0.0620181873250554,-0.00172258556015018,-0.00379431516641191,-0.0212151490446431,0.001914,3.40553579559811,1
6.12,-0.015158369105316,0.0616294783515992,-0.00179777692853637,-0.00372877776450337,-0.0220349017723365,0.00174,3.58250963671216,1
6.14,-0.0139298176571313,0.0612258431446467,-0.00187165348011977,-0.00366276431026577,-0.0228395744230383,0.001807,3.78891769223634,1
6.16,-0.0127094853905324,0.0608075570264948,-0.00194420594930738,-0.00359629986154083,-0.0236290737699036,0.001945,4.02353324953345,1
6.18,-0.0114976625534131,0.0603748970091937,-0.00201542557023954,-0.00352940936010893,-0.0244033122322307,0.002011,4.28512388329064,1
6.2,-0.0102946338375709,0.0599281416915271,-0.0020853040743901,-0.00346211762371029,-0.0251622078536329,0.001942,4.57245303395262,1
6.22,-0.00910067834799828,0.0594675711563832,-0.00215383368800585,-0.00339444933792406,-0.025905683934603,0.001959,4.8842815596787,1
6.24,-0.00791606957415562,0.0589934668752566,-0.00222100712948271,-0.00332642905797992,-0.0266336694945366,0.001917,5.21936926045399,1
6.26,-0.00674107536324466,0.0585061116036983,-0.00228681760663477,-0.00325808119621134,-0.0273460990352632,0.001937,5.57647637306098,1
6.28,-0.00557595789552689,0.0580057892813389,-0.00235125881377268,-0.00318943001553645,-0.0280429124064412,0.001954,5.95436503567556,1
6.3,-0.00442097366161594,0.0574927849344951,-0.00241432492868175,-0.00312049962594079,-0.0287240548710415,0.001798,6.35180072091234,1
6.32,-0.00327637344173082,0.0569673845774554,-0.00247601060950098,-0.0030513139780774,-0.0293894771053473,0.001954,6.76755363620325,1
6.34,-0.00214240228692412,0.056429875113719,-0.00253631099146405,-0.0029818968558624,-0.0300391349515721,0.002273,7.20040009046436,1
6.36,-0.00101929950223743,0.0558805442420157,-0.00259522168355426,-0.00291227187526742,-0.0306729896579654,0.002156,7.64912382606043,1
6.38,9.2701368216119e-05,0.0553196803575911,-0.00265273876505445,-0.00284246247501816,-0.0312910077114665,0.002052,8.1125173151371,1
6.4,0.00119337255422736,0.0547475724567072,-0.00270885878194882,-0.00277249191107852,-0.0318931606776331,0.001942,8.58938301946625,1
6.42,0.00228249207058713,0.054164510044214,-0.00276357874324984,-0.00270238325467212,-0.0324794254771277,0.001937,9.07853461299713,1
6.44,0.00335984372627944,0.053570783035673,-0.00281689611719299,-0.00263215938103805,-0.0330497839127801,0.001724,9.5787981663745,1
6.46,0.00442521713180868,0.0529666816686528,-0.00286880882733289,-0.00256184297080723,-0.0336042228805908,0.001762,10.0890132927487,1
6.48,0.00547840770471113,0.0523524964098526,-0.00291931524859291,-0.00249145650396918,-0.0341427344388521,0.001864,10.6080342542546,1
6.5,0.00651921667319484,0.0517285178608179,-0.0029684142031612,-0.00242102225054822,-0.0346653154297982,0.002119,11.1347310286054,1
6.52,0.007547451077967,0.0510950366709801,-0.00301610495629803,-0.00235056227104046,-0.0351719677597302,0.002116,11.6679903353057,1
6.54,0.00856292377226695,0.0504523434451694,-0.00306238721205651,-0.00228009840732184,-0.0356626980606833,0.001974,12.2067166210447,1
6.56,0.00956545342011474,0.049800728657667,-0.00310726110890693,-0.00220965228208985,-0.036137517770463,0.00196,12.749833003891,1
6.58,0.0105548644928246,0.0491404825646327,-0.00315072721531264,-0.00213924529457755,-0.0365964432636119,0.00181,13.2962821759641,1
6.6,0.0115309872637405,0.0484718951139132,-0.00319278652516784,-0.0020688986110208,-0.0370394954148523,0.002126,13.8450272643241,1
6.62,0.0124936578012529,0.0477952558633019,-0.00323344045315798,-0.00199863316644592,-0.0374666998173652,0.001868,14.3950526498688,1
6.64,0.0134427179601369,0.0471108538944729,-0.00327269083007732,-0.0019284696586035,-0.0378780867900659,0.001862,14.945364744088,1
6.66,0.0143780153711674,0.0464189777267055,-0.0033105398980082,-0.00185842854019174,-0.0382736909665127,0.001961,15.4949927235723,1
6.68,0.0152994034290879,0.0457199152385602,-0.00334699030544982,-0.00178853002157824,-0.0386535515532032,0.002087,16.0429892222426,1
6.7,0.0162067412789619,0.0450139535844442,-0.00338204510241038,-0.00171879406442471,-0.0390177121367614,0.001926,16.5884309812943,1
6.72,0.0170998938008927,0.0443013791148692,-0.0034157077354127,-0.0016492403793916,-0.0393662209822523,0.001911,17.1304194569208,1
6.74,0.0179787315930893,0.0435824772908148,-0.00344798204235065,-0.00157988841351844,-0.0396991300945828,0.001863,17.6680813859374,1
6.76,0.0188431309534014,0.0428575326163327,-0.00347887224735167,-0.00151075736344037,-0.0400164963117149,0.001935,18.2005693094493,1
6.78,0.0196929738592937,0.042126828549746,-0.00350838295556741,-0.00144186615499449,-0.040318380151426,0.00169,18.7270620547803,1
6.8,0.0205281479462671,0.0413906474372748,-0.00353651914787745,-0.00137323345490572,-0.0406048465880176,0.001583,19.2467651759078,1
6.82,0.0213485464848011,0.0406492704314311,-0.00356328617558279,-0.00130487765808062,-0.0408759646266716,0.001846,19.7589113527116,1
6.84,0.0221540683557459,0.0399029774176418,-0.00358868975495284,-0.00123681688565638,-0.0411318070069555,0.001982,20.2627607493746,1
6.86,0.0229446180243038,0.0391520469465781,-0.00361273596180295,-0.00116906899000882,-0.0413724507939932,0.001996,20.7576013323223,1
6.88,0.0237201055125421,0.0383967561548731,-0.003635431225982,-0.00110165154074324,-0.0415979767218104,0.002149,21.2427491481302,1
6.9,0.0244804463704462,0.0376373806985703,-0.00365678232575442,-0.00103458182813962,-0.0418084691896965,0.002003,21.7175485618671,1
6.92,0.0252255616456429,0.0368741946865651,-0.00367679638223445,-0.000967876864941116,-0.0420040167023998,0.001827,22.1813724563809,1
6.94,0.0259553778517048,0.0361074706053744,-0.00369548085370981,-0.000901553373493298,-0.0421847111643601,0.001734,22.6336223930683,1
6.96,0.026669826935088,0.0353374792575975,-0.00371284352989663,-0.000835627791728408,-0.0423506481307285,0.001736,23.0737287347132,1
6.98,0.0273688462407883,0.0345644896953946,-0.00372889252622249,-0.000770116269999413,-0.0425019267855404,0.001616,23.5011507310056,1
7,0.0280523784766708,0.0337887691543106,-0.00374363627803449,-0.000705034666738062,-0.0426386498252995,0.002012,23.9153765673864,1
7.02,0.0287203716764982,0.0330105829892859,-0.00375708353473618,-0.000640398545680757,-0.0427609232588892,0.002203,24.3159233779022,1
7.04,0.0293727791617167,0.0322301946144873,-0.00376924335390898,-0.000576223177096232,-0.0428688563329942,0.002036,24.7023372227801,1
7.06,0.0300095595020528,0.0314478654445098,-0.00378012509546156,-0.000512523539345417,-0.0429625620723399,0.001937,25.0741930314519,1
7.08,0.0306306764748282,0.030663854824953,-0.00378973841563367,-0.000449314302769863,-0.0430421560355043,0.001788,25.4310945118049,1
7.1,0.0312360990231269,0.0298784199871869,-0.00379809326102289,-0.000386609848088617,-0.04310775740813,0.001632,25.7726740264439,1
7.12,0.0318258012128452,0.0290918159817032,-0.00380519986264071,-0.000324424250936541,-0.0431594883044326,0.00168,26.0985924367791,1
7.14,0.0323997621885424,0.0283042956250083,-0.00381106872984475,-0.000262771284941266,-0.0431974737562868,0.00176,26.4085389157786,1
7.16,0.0329579661282317,0.0275161094466425,-0.00381571064431675,-0.000201664423212938,-0.0432218420479202,0.001634,26.7022307302499,1
7.18,0.0335004021970454,0.0267275056295825,-0.00381913665395325,-0.00014111682813023,-0.0432327238555317,0.001976,26.9794129935231,1
7.2,0.0340270644998743,0.0259387299673432,-0.00382135806678448,-8.11413643724116e-05,-0.0432302529985336,0.00212,27.2398583894392,1
7.22,0.0345379520330024,0.0251500258063352,-0.00382238644491502,-2.17505880610357e-05,-0.043214565924778,0.002,27.4833668685479,1
7.24,0.0350330686346881,0.0243616339981783,-0.00382223359837858,3.70432509645608e-05,-0.043185801854257,0.001892,27.7097653174553,1
7.26,0.0355124229347627,0.0235737928491233,-0.00382091157897694,9.52282130161045e-05,-0.0431441024262185,0.001715,27.91890720226,1
7.28,0.0359760283032854,0.0227867380762705,-0.00381843267412529,0.000152792664044708,-0.043089611891979,0.001741,28.1106721870404,1
7.3,0.036423902798284,0.0220007027599385,-0.00381480940071197,0.000209725278708482,-0.0430224768911884,0.001692,28.2849657283495,1
7.32,0.0368560691125862,0.0212159173003095,-0.00381005449894297,0.000266015038834432,-0.042942846550055,0.001878,28.4417186466998,1
7.34,0.037272554519763,0.0204326093720705,-0.003804180926169,0.00032165123669805,-0.0428508723403738,0.001799,28.5808866760247,1
7.36,0.0376733908191921,0.0196510038817159,-0.00379720185066869,0.0003766234761331,-0.0427467076684351,0.001964,28.7024499921131,1
7.38,0.038058614280347,0.0188713229327821,-0.00378913064551034,0.000430921663564447,-0.0426305085589647,0.002071,28.8064127210014,1
7.4,0.0384282655862551,0.01809378577765,-0.0037799808823735,0.000484536020990461,-0.0425024327656374,0.00194,28.892802428338,1
7.42,0.0387823897761663,0.0173186087866131,-0.00376976632535164,0.000537457074897435,-0.0423626402922181,0.001954,28.9616695907208,1
7.44,0.0391210361874991,0.0165460054066896,-0.00375850092480454,0.000589675662365738,-0.0422112930314924,0.001804,29.0130870500134,1
7.46,0.0394442583970328,0.0157761861273903,-0.00374619881117483,0.000641182928558554,-0.0420485547388907,0.001723,29.0471494516465,1
7.48,0.03975211416142,0.0150093584469137,-0.00373287428884286,0.00069197032538348,-0.0418745910925153,0.001694,29.0639726679162,1
7.5,0.0400446653570091,0.0142457268370808,-0.00371854182997156,0.000742029613850045,-0.0416895694812283,0.001782,29.0636932072778,1
7.52,0.0403219779190074,0.0134854927123168,-0.00370321606834659,0.000791352862170514,-0.0414936588664077,0.001819,29.0464676106388,1
7.54,0.0405841217800486,0.0127288544012422,-0.00368691179327562,0.000839932441750424,-0.0412870300229642,0.002069,29.0124718356489,1
7.56,0.0408311708081455,0.0119760071134739,-0.00366964394347797,0.000887761032155384,-0.0410698551491677,0.002119,28.961900629973,1
7.58,0.0410632027440529,0.0112271429139508,-0.00365142760096985,0.000934831616592391,-0.0408423078757423,0.00194,28.8949668945386,1
7.6,0.0412802991381151,0.0104824506969959,-0.00363227798501805,0.000981137479575205,-0.04060456343867,0.001774,28.8119010377299,1
7.62,0.0414825452865592,0.00974211615691878,-0.00361221044607066,0.00102667221155555,-0.040356798251274,0.001924,28.7129503214952,1
7.64,0.0416700301672845,0.00900632176688119,-0.00359124045970129,0.00107142970294888,-0.0400991899778873,0.001768,28.5983782003365,1
7.66,0.0418428463752123,0.00827524675623869,-0.00356938362063212,0.00111540414221302,-0.0398319177021094,0.001614,28.4684636541146,1
7.68,0.0420010900571501,0.00754906708451342,-0.00354665563672731,0.00115859002073861,-0.0395551614002088,0.001674,28.3235005156159,1
7.7,0.0421448608462365,0.00682795542555581,-0.00352307232302375,0.00120098212422404,-0.0392691023244751,0.001778,28.163796793803,1
7.72,0.0422742617959939,0.00611208114414118,-0.00349864959580334,0.00124257553714079,-0.0389739225643879,0.002049,27.9896739936563,1
7.74,0.0423893993139981,0.00540161028104376,-0.00347340346668574,0.00128336563622818,-0.0386698052166921,0.002083,27.8014664335071,1
7.76,0.0424903830952148,0.00469670553470798,-0.00344735003678281,0.00132334809081704,-0.0383569344140469,0.002003,27.5995205607358,1
7.78,0.0425773260549636,0.00399752624227684,-0.00342050549081977,0.00136251886584039,-0.0380354947183932,0.002051,27.3841942667082,1
7.8,0.0426503442616199,0.00330422837237286,-0.00339288609135519,0.00140087420893718,-0.037705671937907,0.001894,27.1558562017963,1
7.82,0.0427095568690122,0.00261696450185629,-0.00336450817300163,0.00143841066327727,-0.0373676520913122,0.001874,26.9148850913107,1
7.84,0.0427550860485558,0.00193588381270842,-0.00333538813667459,0.00147512505190806,-0.0370216222407507,0.001678,26.6616690531672,1
7.86,0.0427870569211609,0.00126113207258227,-0.0033055424438928,0.00151101448827077,-0.0366677695262396,0.001701,26.3966049180724,1
7.88,0.0428055974889393,0.00059285163411113,-0.00327498761113273,0.00154607636026118,-0.0363062819578417,0.002101,26.1200975530116,1
7.9,0.0428108385667419,-6.88185813197554e-05,-0.00324374020425234,0.00158030833923313,-0.0359373479228324,0.002121,25.8325591887871,1
7.92,0.0428029137134666,-0.000723743090265957,-0.0032118168328614,0.00161370837635265,-0.0355611560322231,0.001944,25.5344087523515,1
7.94,0.0427819591632622,-0.00137178985100203,-0.00317923414479187,0.00164627469622219,-0.0351778953424073,0.001929,25.226071204648,1
7.96,0.0427481137566123,-0.00201283027170331,-0.00314600882061363,0.0016780057987256,-0.0347877550171418,0.001722,24.9079768846526,1
7.98,0.0427015188713206,-0.00264673921211074,-0.00311215756819493,0.00170890045270767,-0.0343909245020839,0.001865,24.5805608602862,1
8,0.0426423183534283,-0.00327339498867874,-0.00307769711732104,0.00173895769646595,-0.0339875933368674,0.00174,24.2442622868514,1
8.02,0.0425706584480645,-0.00389267937613339,-0.00304264421434118,0.00176817683443781,-0.0335779510994669,0.001678,23.8995237736201,1
8.04,0.0424866877302752,-0.00450447760802128,-0.00300701561688113,0.0017965574339382,-0.0331621874869441,0.001745,23.5467907591777,1
8.06,0.0423905570358252,-0.00510867837890951,-0.00297082808858079,0.00182409932592282,-0.0327404920198049,0.002115,23.1865108961092,1
8.08,0.0422824193920126,-0.00570517384089227,-0.00293409839388645,0.00185080259875413,-0.0323130541413619,0.002046,22.8191334455853,1
8.1,0.0421624299485332,-0.00629385960211026,-0.00289684329292235,0.00187666759650379,-0.0318800631533875,0.00207,22.4451086823819,1
8.12,0.0420307459083866,-0.0068746347240878,-0.00285907953639884,0.00190169491698442,-0.0314417080259162,0.001712,22.0648873108494,1
8.14,0.0418875264588713,-0.00744740171543138,-0.0028208238605996,0.00192588540581084,-0.0309981776982866,0.00195,21.6789198923164,1
8.16,0.0417329327026467,-0.00801206653147368,-0.00278209298238372,0.00194924016084613,-0.0305496605816487,0.001794,21.2876562843966,1
8.18,0.0415671275888991,-0.0085685385642822,-0.00274290359422879,0.00197176052366444,-0.0300963446212634,0.001627,20.8915450926429,1
8.2,0.0413902758446936,-0.00911673063395342,-0.00270327235941087,0.00199344807437765,-0.0296384175204665,0.001847,20.4910331349573,1
8.22,0.0412025439064568,-0.00965655898434581,-0.00266321590720739,0.0020143046345302,-0.0291760664150686,0.001987,20.086564919154,1
8.24,0.0410040998516067,-0.0101879432725285,-0.00262275082812215,0.00203433226197836,-0.0287094778724466,0.002135,19.6785821340485,1
8.26,0.0407951133303941,-0.01071080655828,-0.00258189366919812,0.00205353324723488,-0.028238837907459,0.002337,19.267523154414,1
8.28,0.0405757554979493,-0.0112250752939645,-0.00254066092938399,0.00207191011174887,-0.0277643318010021,0.001951,18.8538225601287,1
8.3,0.0403461989465668,-0.011730679310933,-0.00249906905497357,0.00208946560232748,-0.0272861440813656,0.001748,18.4379106698109,1
8.32,0.0401066176382647,-0.0122275518056267,-0.00245713443514802,0.0021062026864341,-0.0268044588743876,0.001839,18.020213089211,1
8.34,0.0398571868375527,-0.0127156293325751,-0.00241487339749559,0.00212212455913885,-0.0263194591103755,0.001742,17.6011502746202,1
8.36,0.0395980830444946,-0.0131948517819843,-0.00237230220361026,0.00213723462826953,-0.0258313270006809,0.001721,17.1811371115194,1
8.38,0.0393294839281258,-0.013665162366686,-0.00232943704483428,0.00215153651486894,-0.0253402439758545,0.001753,16.7605825086684,1
8.4,0.0390515682601424,-0.0141265076079409,-0.00228629403799618,0.00216503405318619,-0.0248463904150711,0.002066,16.3398890078193,1
8.42,0.0387645158489269,-0.0145788373160228,-0.00224288922121476,0.00217773128408642,-0.024349945700699,0.002019,15.9194524092156,1
8.44,0.0384685074739514,-0.0150221045719278,-0.0021992385498058,0.00218963245136375,-0.0238510882842391,0.001924,15.4996614130076,1
8.46,0.0381637248205322,-0.0154562657104275,-0.00215535789223037,0.00220074200126714,-0.0233499954107472,0.001975,15.0808972767009,1
8.48,0.0378503504149771,-0.0158812802978036,-0.00211126302612047,0.00221106457523024,-0.0228468433384776,0.001789,14.6635334887291,1
8.5,0.037528567560135,-0.016297111113924,-0.00206696963437348,0.00222060501026867,-0.0223418071060522,0.001727,14.2479354582222,1
8.52,0.0371985602713479,-0.0167037241298316,-0.0020224933012944,0.00222936833379025,-0.0218350605006279,0.001694,13.8344602210191,1
8.54,0.0368605132128573,-0.0171010884847669,-0.00197784950883923,0.00223735975867445,-0.0213267761888645,0.001697,13.4234561619531,1
8.56,0.0365146116346443,-0.0174891764657994,-0.00193305363290657,0.00224458468335977,-0.0208171254167908,0.001764,13.0152627534184,1
8.58,0.0361610413097346,-0.0178679634816556,-0.00188812093970374,0.00225104868430902,-0.0203062781826091,0.002184,12.6102103102061,1
8.6,0.0357999884719929,-0.0182374280399696,-0.00184306658220163,0.00225675751466111,-0.0197944031257364,0.002161,12.2086197605772,1
8.62,0.0354316397543938,-0.0185975517224198,-0.00179790559663781,0.00226171710074736,-0.0192816674776921,0.002024,11.8108024335229,1
8.64,0.0350561821277983,-0.0189483191589567,-0.00175265289909286,0.00226593353826188,-0.0187682370511837,0.001872,11.4170598621436,1
8.66,0.034673802840248,-0.0192897180018665,-0.0017073232821356,0.00226941308918139,-0.0182542761164157,0.001731,11.0276836030585,1
8.68,0.0342846893568016,-0.0196217388974682,-0.00166193141155577,0.00227216217611058,-0.0177399475193241,0.001629,10.6429550717403,1
8.7,0.0338890292999135,-0.0199443754601646,-0.00161649182316487,0.00227418738110545,-0.0172254125033149,0.001706,10.2631453936523,1
8.72,0.0334870103903665,-0.0202576242430602,-0.00157101891966274,0.0022754954402804,-0.0167108308111281,0.001651,9.88851527104888,1
8.74,0.0330788203887706,-0.0205614847106111,-0.00152552696757235,0.00227609324237207,-0.0161963604556448,0.00185,9.51931486528476,1
8.76,0.0326646470376548,-0.0208559592068463,-0.00148003009426083,0.00227598782155155,-0.0156821579281612,0.00207,9.15578369446032,1
8.78,0.0322446780041516,-0.0211410529276948,-0.00143454228503394,0.00227518635725676,-0.0151683779719249,0.00221,8.79815054621643,1
8.8,0.0318191008232799,-0.0214167738889355,-0.00138907738029112,0.00227369616830651,-0.0146551737203779,0.002049,8.44663340547912,1
8.82,0.0313881028418412,-0.0216831328968847,-0.00134364907274888,0.00227152471194481,-0.0141426964515929,0.001784,8.10143939693789,1
8.84,0.0309518711629496,-0.0219401435143309,-0.00129827090474651,0.00226867957656401,-0.0136310957483445,0.001768,7.76276474202902,1
8.86,0.0305105925912115,-0.0221878220296315,-0.00125295626564201,0.00226516847994579,-0.0131205194080692,0.001803,7.43079473018076,1
8.88,0.0300644535785401,-0.0224261874240896,-0.00120771838926151,0.00226099926568062,-0.0126111134173996,0.001693,7.10570370406726,1
8.9,0.0296136401706281,-0.0226552613388692,-0.0011625703514197,0.00225617989963524,-0.0121030218775857,0.001769,6.78765505860455,1
8.92,0.0291583379540948,-0.022875068040491,-0.00111752506752504,0.00225071846500683,-0.0115963870572457,0.002094,6.47680125341068,1
8.94,0.0286987320043141,-0.0230856343873909,-0.00107259529026092,0.00224462315966327,-0.0110913493496199,0.00216,6.17328383844149,1
8.96,0.0282350068339184,-0.0232869897956772,-0.00102779360732538,0.00223790229295475,-0.0105880471807112,0.001987,5.8772334925035,1
8.98,0.027767346342005,-0.0234791662031276,-0.00098313243925434,0.00223056428053766,-0.0100866171075111,0.001924,5.58877007433579,1
9,0.0272959337640438,-0.0236621980351325,-0.000938624037312852,0.0022226176427473,-0.00958719363791971,0.001897,5.30800268594299,1
9.02,0.0268209516225002,-0.0238361221671561,-0.000894280481465032,0.00221407099835524,-0.00908990937262644,0.001829,5.03502974785373,1
9.04,0.0263425816781812,-0.0240009778899921,-0.000850113678420997,0.0022049330631048,-0.00859489488141918,0.001714,4.76993908597042,1
9.06,0.0258610048822998,-0.0241568068726357,-0.000806135359743196,0.00219521264523471,-0.0081022786922702,0.001705,4.51280802966945,1
9.08,0.025376401329285,-0.0243036531249675,-0.000762357080039573,0.00218491864126665,-0.00761218734590585,0.001727,4.26370352080364,1
9.1,0.0248889502103253,-0.0244415629615286,-0.00071879021521939,0.00217406003394896,-0.00712474526302032,0.002125,4.0226822332526,1
9.12,0.0243988297676645,-0.024570584962729,-0.000675445960823598,0.00216264588685402,-0.00664007483977258,0.002209,3.78979070266137,1
9.14,0.0239062172496525,-0.0246907699379424,-0.000632335330430141,0.0021506853422837,-0.00615829634410403,0.002065,3.56506546600188,1
9.16,0.0234112888665559,-0.0248021708866007,-0.000589469154126521,0.00213818761663401,-0.00567952793574733,0.001934,3.34853321058783,1
9.18,0.0229142197471411,-0.0249048429597004,-0.000546858077064494,0.0021251619968136,-0.00520388568623531,0.001767,3.14021093216906,1
9.2,0.0224151838960244,-0.0249988434217188,-0.000504512558076046,0.00211161783769354,-0.00473148348067554,0.001587,2.94010610172833,1
9.22,0.0219143541518021,-0.0250842316106341,-0.000462442868364824,0.0020975645571082,-0.00426243310869978,0.001688,2.74821684060046,1
9.24,0.0214119021459621,-0.0251610688997376,-0.000420659090266892,0.0020830116339182,-0.00379684415168668,0.001714,2.56453210353099,1
9.26,0.0209079982625819,-0.0252294186572627,-0.000379171116079383,0.00206796860315436,-0.00333482405006436,0.00186,2.38903186929014,1
9.28,0.0204028115988195,-0.0252893462073438,-0.000337988646962971,0.00205244505348802,-0.00287647803873625,0.002068,2.22168733845576,1
9.3,0.019896509926199,-0.02534091878973,-0.00029712119191043,0.00203645062314797,-0.00242190915253815,0.002313,2.06246113797869,1
9.32,0.0193892596526996,-0.0253842055196199,-0.000256578066792095,0.00201999499631015,-0.00197121824624702,0.001901,1.91130753214286,1
9.34,0.0188812257856441,-0.0254192773478997,-0.000216368393464727,0.00200308790036347,-0.0015245039500158,0.001843,1.76817263953309,1
9.36,0.0183725718953916,-0.0254462070205243,-0.000176501098945357,0.00198573910214276,-0.00108186265573096,0.00172,1.63299465562385,1
9.38,0.017863460079845,-0.0254650690376437,-0.000136984914661943,0.00196795840401101,-0.000643388567944214,0.001633,1.50570408060305,1
9.4,0.0173540509297655,-0.0254759396137328,-9.78283757651798e-05,0.00194975564165806,-0.000209173632931936,0.0017,1.38622395204659,1
9.42,0.0168445034948988,-0.0254788966363469,-5.90398205029862e-05,0.00193114068003117,0.000220692463123839,0.001687,1.27447008206125,1
9.44,0.016334975250926,-0.0254740196248503,-2.0627389675023e-05,0.00191212340939701,0.000646122234108759,0.001924,1.17035129851563,1
9.46,0.0158256220672286,-0.0254613896903231,1.74009738532442e-05,0.00189271374332221,0.0010670304721927,0.001964,1.07376968998164,1
9.48,0.01531659817547,-0.0254410894939486,5.50375255746805e-05,0.00187292161450926,0.00148333419053159,0.002109,0.984620854012262,1
9.5,0.014808056138999,-0.025413203206524,9.22747196993654e-05,0.00185275697243203,0.0018949526987555,0.001836,0.902794148384806,1
9.52,0.0143001468230761,-0.0253778164665035,0.000129105209445164,0.00183222977886548,0.00230180752111409,0.001768,0.828172944942553,1
9.54,0.0137930193659249,-0.0253350163396415,0.000165521847263687,0.00181135000589122,0.0027038224819691,0.001752,0.760634885672162,1
9.56,0.0132868211506057,-0.0252848912769711,0.000201517685001995,0.00179012763146334,0.00310092359483605,0.001724,0.700052140658818,1
9.58,0.0127816977777087,-0.0252275310749486,0.00023708597400853,0.00176857263826228,0.00349303919880839,0.001717,0.64629166756588,1
9.6,0.0122777930388706,-0.0251630268329388,0.000272220165176493,0.00174669500858151,0.00388009986578908,0.001699,0.599215472291401,1
9.62,0.0117752488911237,-0.0250914709125083,0.000306913908912133,0.00172450472192973,0.00426203839503358,0.001907,0.558680870459055,1
9.64,0.0112742054320576,-0.0250129568968267,0.000341161055056548,0.0017020117527755,0.00463878987226707,0.002014,0.524540749407441,1
9.66,0.0107748008758048,-0.0249275795489109,0.000374955652744759,0.00167922606652791,0.00501029160420075,0.002243,0.496643830347418,1
9.68,0.0102771715298487,-0.0248354347711459,0.000408291950203047,0.00165615761737879,0.00537648317855854,0.002262,0.474834930363905,1
9.7,0.00978145177265239,-0.0247366195636305,0.00044116439448488,0.00163281634431535,0.00573730639495551,0.001901,0.458955223945464,1
9.72,0.00928777403210784,-0.0246312319838675,0.000473567631146403,0.0016092121690621,0.0060927052648978,0.001747,0.448842503731473,1
9.74,0.00879626876479075,-0.0245193711064488,0.000505496503879712,0.00158535499391387,0.00644262610273216,0.001788,0.444331440174309,1
9.76,0.00830706443603978,-0.0244011369809606,0.000536946054074944,0.00156125469678139,0.00678701736375587,0.001622,0.445253839821482,1
9.78,0.00782028750084608,-0.0242766305930406,0.000567911520329205,0.00153692113082629,0.00712582982156817,0.001756,0.451438901929888,1
9.8,0.00733606238555634,-0.0241459538219666,0.000598388337894702,0.00151236411874366,0.00745901631795931,0.00209,0.462713473132839,1
9.82,0.00685451147037537,-0.0240092094031179,0.00062837213808391,0.00148759345418033,0.00778653204303481,0.002161,0.478902299887796,1
9.84,0.00637575507267417,-0.0238665008849617,0.000657858747619223,0.00146261889476241,0.00810833426054813,0.002017,0.499828278441653,1
9.86,0.00589991143110484,-0.0237179325913887,0.000686844187921391,0.00143745016294308,0.00842438252708888,0.001775,0.525312702058127,1
9.88,0.00542709669051157,-0.0235636095797619,0.000715324674348502,0.00141209694020627,0.00873463847471356,0.001719,0.555175505261183,1
9.9,0.00495742488763841,-0.0234036376031953,0.00074329661538016,0.0013865688673805,0.00903906595828374,0.001722,0.58923550485608,1
9.92,0.0044910079376203,-0.023238123069945,0.000770756611762234,0.00136087554037933,0.00933763095451212,0.001634,0.627310637498882,1
9.94,0.00402795562126671,-0.0230671730047586,0.000797701455593186,0.00133502650861605,0.00963030160743727,0.001756,0.669218193594153,1
9.96,0.00356837557312732,-0.0228908950093231,0.00082412812936246,0.00130903127179257,0.00991704817476347,0.001773,0.714775047309237,1
9.98,0.00311237327033841,-0.022709397223746,0.00085003380493726,0.00128289927794672,0.0101978430496885,0.002089,0.763797882503132,1
10,0.002660052022244,-0.0225227882875952,0.000875415842500645,0.00125663992053394,0.0101978430496885,0.002089,0.763797882503132,1
