time,position,positionVelocity,angle,angleVelocity,angleReference,force
0,0.2,0,0.0872664625997165,0,-0.02408,6.68301468523498
0.02,0.201290881406291,0.12909291963353,0.0855928833326946,-0.16745138254424,-0.0449702892626822,5.32685781026291
0.04,0.204899603996728,0.231791993711464,0.0809564642609781,-0.296445797342422,-0.0619171476676029,4.13342542052099
0.06,0.210330430707854,0.31130866860127,0.0740702676957255,-0.392547911540724,-0.07537564702759,3.08922079352502
0.08,0.217149081439401,0.370577855521305,0.0655424227096783,-0.460694536496103,-0.0857638146551571,2.18166690243281
0.1,0.224977422527975,0.412279817967518,0.0558879088461032,-0.505270667894952,-0.0934655205461911,1.39884352168546
0.12,0.233488532522604,0.438855899472615,0.0455389963183443,-0.530167798769167,-0.0988324221993712,0.729353334467866
0.14,0.242402046675544,0.452520688592695,0.0348546495346728,-0.538829454252463,-0.102185370975607,0.162285422182483
0.16,0.251479729948181,0.455272737912516,0.0241291031522229,-0.534288633094716,-0.103815612751474,-0.312761642528193
0.18,0.260521263614613,0.448905236095835,0.0135997365868745,-0.519200734802158,-0.103986005006223,-0.705629911943944
0.2,0.26936025182148,0.43501735632764,0.0034543136937626,-0.495874288811744,-0.102932366928864,-1.02554914670351
0.22,0.277860463765345,0.415026486872427,-0.00616238115840132,-0.466300713475697,-0.1008649974348,-1.28109532511096
0.24,0.285912327903195,0.390181214269981,-0.0151424959594901,-0.432183538878769,-0.0979703424461121,-1.48016733661392
0.26,0.293429690256322,0.361574754740053,-0.0234096418580124,-0.394967032977865,-0.0944127642798014,-1.6299831295419
0.28,0.300346842209498,0.330158474107658,-0.0309139870881061,-0.355863923011919,-0.090336356349883,-1.73709322226821
0.3,0.306615816218833,0.296755158549863,-0.037627892266568,-0.315881832790646,-0.0858667490682436,-1.80740783941915
0.32,0.312203941710085,0.262071761781457,-0.0435420580277984,-0.275848093763076,-0.0811128622209328,-1.84623349443421
0.34,0.317091648737093,0.226711432566475,-0.0486621500005468,-0.236432679548521,-0.0761685710492716,-1.8583151414595
0.36,0.321270503806282,0.191184702693341,-0.0530058621835629,-0.198169121887003,-0.0711142650793954,-1.84788069765234
0.38,0.324741460523899,0.155919780529112,-0.056600377939776,-0.161473367420851,-0.0660182889234423,-1.81868553717037
0.4,0.327513307124823,0.121271945289337,-0.0594801878410436,-0.126660617477883,-0.060938262200039,-1.77405532401891
0.42,0.329601293194459,0.0875320721072368,-0.0616852250407135,-0.093960253105046,-0.0559222813365372,-1.71692620109075
0.44,0.331025918715023,0.0549343397157028,-0.063259281281646,-0.0635289858353527,-0.0510100095838454,-1.64988185709676
0.46,0.331811869716831,0.0236631837682423,-0.0642486696578651,-0.0354623943941199,-0.0462336635003554,-1.57518735318396
0.48,0.331987086111792,-0.00614043765344371,-0.0647011035101768,-0.00980501302131452,-0.0416189048747257,-1.49481982524108
0.5,0.331581948601712,-0.0343734014187582,-0.0646647641066977,0.0134408674694546,-0.0371856469505064,-1.41049631146707
0.52,0.330628572806288,-0.060965339364293,-0.0641875328744876,0.034307535670885,-0.0329487832128926,-1.32369901376308
0.54,0.329160199899534,-0.0858740668466264,-0.0633163668110644,0.05285519666839,-0.0289188461468685,-1.23569830936984
0.56,0.327210674060403,-0.109081472245125,-0.0620967982684815,0.0691661898095656,-0.0251026024520371,-1.14757380530344
0.58,0.324813997933599,-0.130589825993342,-0.0605725425585805,0.0833399819701173,-0.0215035903162794,-1.06023368749141
0.6,0.322003958070758,-0.150418473136971,-0.0587851987907741,0.0954888451744294,-0.0181226035729861,-0.97443256986031
0.62,0.318813812997165,-0.168600877922654,-0.0567740310520505,0.105734139801644,-0.0149581269236446,-0.89078800317173
0.64,0.315276037143135,-0.185181992505722,-0.0545758185079816,0.114203135146653,-0.0120067259027273,-0.809795763459596
0.66,0.311422114409858,-0.200215924615071,-0.0522247642796243,0.121026307861221,-0.00926339488300227,-0.731844007611079
0.68,0.307282375622072,-0.213763881070185,-0.049752454068225,0.126335065954062,-0.00672186614589847,-0.657226359519176
0.7,0.302885874566717,-0.225892365568126,-0.0471878564872115,0.130259851825623,-0.00437488284941197,-0.586153973846896
0.72,0.298260297736846,-0.23667161030168,-0.0445573579435908,0.132928582517768,-0.0022144385915536,-0.51876661470602
0.74,0.293431903299778,-0.246174221870651,-0.041884825707907,0.134465389223002,-0.000231986169389908,-0.455142782107079
0.76,0.288425485191474,-0.25447402271785,-0.0391916935379317,0.134989621344255,0.00158138194508171,-0.395308918467724
0.78,0.28326435860724,-0.261645070043786,-0.0364970648867871,0.134615083207434,0.00323477896389664,-0.339247729457278
0.8,0.27797036351238,-0.26776083488733,-0.0338178293385298,0.133449474046214,0.00473739260484198,-0.28690565687572
0.82,0.272563883134895,-0.27289352483851,-0.0311687884781862,0.131594004204128,0.00609837508907504,-0.238199545211726
0.84,0.26706387472456,-0.277113534690308,-0.028562787921987,0.129143162701046,0.00732675212471307,-0.193022547325213
0.86,0.261487910167512,-0.280489010240627,-0.0260108527091369,0.126184613430045,0.00843134879554279,-0.151249317899099
0.88,0.255852224331667,-0.283085511415356,-0.02352232369036,0.122799199305636,0.00942073039406825,-0.112740545631846
0.9,0.250171769284842,-0.28496576188426,-0.0211049929418861,0.119061035679628,0.0103031563669979,-0.077346876475489
0.92,0.244460272773777,-0.28618947336563,-0.0187652365877543,0.115037676271142,0.0110865456762354,-0.0449122805544055
0.94,0.238730299578044,-0.286813233844964,-0.0165081437296876,0.110790336711702,0.0117784520165856,-0.0152769147979377
0.96,0.232993314558146,-0.286890449949756,-0.0143376404639962,0.106374162572372,0.0123860474699168,0.011720468095058
0.98,0.22725974640238,-0.286471334711402,-0.0122566082108663,0.101838530405137,0.0129161133119112,0.0362405158242085
1,0.221539051242944,-0.285602932893322,-0.0102669957951173,0.0972273718849082,0.0133750368196534,0.0584416318488781
1.02,0.215839775459198,-0.284329176961606,-0.00836992490134973,0.0925795125739711,0.0137688130544448,0.078478646964278
1.04,0.210169617116067,-0.282690967613753,-0.00656578868278075,0.0879290181428884,0.0141030507131176,0.0965017673038908
1.06,0.204535485599533,-0.280726273557686,-0.0048543434344543,0.0833055420693579,0.0143829812518911,0.112655762280381
1.08,0.198943559110128,-0.278470245945046,-0.0032347933503918,0.0787346699006318,0.0146134705889532,0.127079359290727
1.1,0.19339933976088,-0.275955343509463,-0.00170586847305495,0.0742382561094919,0.0147990327852655,0.139904815259938
1.12,0.187907706099232,-0.27321146504323,-0.000265896014556871,0.0698347504040205,0.0149438451876261,0.151257638222072
1.14,0.182472962934657,-0.270266086367092,0.00108713471540382,0.0655395110744673,0.0150517645940193,0.161256435095247
1.16,0.177098888405884,-0.26714439941091,0.0023555134978356,0.0613651035842843,0.0151263440691205,0.170012864570914
1.18,0.171788778265288,-0.263869451431547,0.00354175620140891,0.0573215831453241,0.0151708500979879,0.177631676590933
1.2,0.166545487393809,-0.260462282752792,0.00464855725982686,0.0534167604679062,0.0151882798190069,0.184210822222417
1.22,0.161371468589015,-0.25694206172453,0.00567874728895718,0.0496564502535193,0.0151813781236247,0.189841619860673
1.24,0.156268808692203,-0.253326215869227,0.00663525549754699,0.0460447023096288,0.0151526544509168,0.19460896560111
1.26,0.151239262138802,-0.249630558417091,0.00752107654547402,0.0425840154202504,0.0151043991401277,0.198591577331512
1.28,0.146284282030259,-0.245869409631098,0.00833924150820003,0.0392755343099716,0.0150386992345819,0.201862263619109
1.3,0.141405048835915,-0.242055712493121,0.00909279261444822,0.0361192301996754,0.0149574536562925,0.204488209816086
1.32,0.136602496840467,-0.238201142466062,0.00978476143531903,0.0331140655754826,0.0148623876926806,0.206531274997007
1.34,0.131877338457164,-0.234316211167477,0.0104181502163975,0.0302581438838805,0.0147550667555205,0.208048294386508
1.36,0.127230086529111,-0.230410363890358,0.0109959160593032,0.0275488449305589,0.0146369093879362,0.209091382849513
1.38,0.122661074741579,-0.226492070989332,0.0115209576750962,0.0249829468024704,0.0145091995083793,0.209708235812513
1.4,0.118170476267131,-0.222568913217648,0.011996104448567,0.0225567351558806,0.0143730978913367,0.209942424675612
1.42,0.113758320763164,-0.218647661154204,0.0124241075693645,0.0202661007209989,0.0142296528933564,0.209833684372576
1.44,0.109424509838232,-0.214734348902236,0.0128076330028702,0.0181066258690629,0.0140798104400982,0.209418191250627
1.46,0.105168831099581,-0.210834342273878,0.01314925609049,0.0160736610729762,0.013924423295759,0.208728829882756
1.48,0.100990970889788,-0.206952401698918,0.0134514575854193,0.0141623920698877,0.0137642596405848,0.20779544780154
1.5,0.096890525815452,-0.203092740113189,0.0137166209458118,0.0123678985052874,0.0136000109854622,0.206645097462645
1.52,0.0928670131656904,-0.199259076092968,0.0139470307225272,0.0106852048047877,0.013432299454932,0.205302265015239
1.54,0.0889198803127833,-0.195454682507822,0.0141448718931867,0.009109323983091,0.0132616844715323,0.203789085681775
1.56,0.0850485131818547,-0.191682430966065,0.014312230008057,0.00763529506076959,0.0130886688752899,0.202125545736372
1.58,0.0812522438710111,-0.187944832325357,0.0144510920262864,0.00625821471933269,0.0129137045125294,0.200329671224483
1.6,0.0775303574979492,-0.184244073536485,0.0145633477332165,0.00497326378435297,0.0127371973280783,0.198417703690769
1.62,0.0738820983437559,-0.180582051081644,0.0146507916408724,0.00377572908579611,0.0125595119944694,0.196404263281227
1.64,0.0703066753594784,-0.176960401260019,0.0147151252843123,0.00266102120462497,0.0123809761109789,0.19430249966295
1.66,0.0668032670960888,-0.173380527563626,0.0147579598363033,0.00162468857563213,0.0122018840043242,0.192124231263441
1.68,0.0633710261137137,-0.169843625375484,0.0147808189718051,0.000662428378595486,0.0120225001616611,0.189880073373987
1.7,0.0600090829214773,-0.16635070421064,0.0147851419220158,-0.000229905386513198,0.0118430623251858,0.187579555690453
1.72,0.0567165494950134,-0.162902607708524,0.0147722866653013,-0.00105629627923627,0.011663784276225,0.185231229882168
1.74,0.0534925224146569,-0.159500031572905,0.0147435332092132,-0.001820561925137,0.0114848583352029,0.182842767787182
1.76,0.0503360856635219,-0.156143539643381,0.0147000869240528,-0.00252635235203738,0.0113064576023497,0.180421050831671
1.78,0.0472463131211178,-0.15283357827016,0.0146430818940813,-0.00317714988806547,0.0111287379624745,0.177972251264109
1.8,0.0442222707848387,-0.149570489151905,0.014573584257565,-0.0037762703808241,0.0109518398755933,0.17550190578226
1.82,0.0412630187485831,-0.146354520784733,0.0144925955113966,-0.0043268655223267,0.0107758899736969,0.173014982114156
1.84,0.0383676129649134,-0.143185838659205,0.0144010557601095,-0.00483192608781555,0.0106010024824669,0.17051593909395
1.86,0.0355351068145328,-0.140064534331321,0.0142998468927154,-0.00529428591823341,0.0104272804853252,0.168008780750688
1.88,0.0327645525044441,-0.136990633483187,0.0141897956740061,-0.00571662649602366,0.0102548170458326,0.165497104903391
1.9,0.0300550023139367,-0.133964103079257,0.0140716767397757,-0.00610148198215983,0.0100836962031392,0.162984146729865
1.92,0.0274055097055252,-0.130984857714762,0.0139462154879007,-0.0064512445989316,0.0099139938539471,0.160472817749993
1.94,0.0248151303161142,-0.128052765244262,0.0138140908593681,-0.0067681702581252,0.00974577853327009,0.157965740637272
1.96,0.0222829228419915,-0.125167651770108,0.0136759380052121,-0.00705438434791913,0.0095791121051633,0.155465280245412
1.98,0.0198079498297278,-0.122329306062986,0.0135323508369314,-0.00731188760415935,0.00941405037356364,0.152973571210218
2,0.0173892783836905,-0.119537483479708,0.0133838844593312,-0.00754256200277033,0.00925064362241002,0.150492542460992
2.02,0.0150259807996402,-0.116791909436821,0.0132310574858998,-0.00774817661998793,0.0090889370933143,0.148023938950443
2.04,0.0127171351327683,-0.114092282492661,0.0130743542378098,-0.0079303934159519,0.00892897140822031,0.145569340887816
2.06,0.010461825707536,-0.111438277084878,0.0129142268284388,-0.00809077290505472,0.00877078294371979,0.143130180736736
2.08,0.00825914357578503,-0.108829545965424,0.0127510971359713,-0.0082307796833895,0.00861440416298703,0.140707758217092
2.1,0.00610818692879845,-0.106265722370378,0.0125853586671744,-0.00835178778974937,0.00845986391064655,0.138303253529438
2.12,0.004008061468282,-0.103746421957721,0.0124173783158539,-0.00845508588197896,0.0083071876752961,0.135917739000604
2.14,0.00195788074061527,-0.101271244542403,0.0122474980198201,-0.00854188221513387,0.00815639782386899,0.133552189330799
2.16,-4.32335618324744e-05,-0.0988397756545482,0.012076036320418,-0.00861330941193192,0.00800751381153065,0.131207490605175
2.18,-0.00199615132901147,-0.0964515879435359,0.011903289828835,-0.00867042901944284,0.00786055237036175,0.128884448216839
2.2,-0.00390173378824256,-0.0941062424478933,0.0117295346034916,-0.00871423584891685,0.00771552767968197,0.126583793833385
2.22,-0.00576083328350036,-0.0918032897484111,0.0115550274428525,-0.00874566209815217,0.00757245152050916,0.124306191525325
2.24,-0.00757429307674461,-0.0895422710196531,0.0113800070979943,-0.00876558125789489,0.00743133341632788,0.122052243162202
2.26,-0.0093429471693992,-0.0873227189930274,0.0112046954092113,-0.00877481180549802,0.00729218076205407,0.119822493170547
2.28,-0.0110676201423237,-0.0851441588428091,0.0110292983708675,-0.00877412069048172,0.00715499894282702,0.117617432737351
2.3,-0.012749127012835,-0.0830061090049335,0.0108540071285961,-0.00876422661777152,0.00701979144403342,0.115437503533026
2.32,-0.0143882731075179,-0.0809080819369922,0.010678998912824,-0.00874580313528122,0.00688655995376776,0.113283101019175
2.34,-0.0159858539497216,-0.0788495848266468,0.0105044379124598,-0.00871948153318289,0.00675530445875683,0.111154577398525
2.36,-0.0175426551607714,-0.0768301202546106,0.0103304760924302,-0.00868585356269801,0.00662602333462132,0.10905224425731
2.38,-0.0190594523740389,-0.0748491868174179,0.010157253958592,-0.00864547398257543,0.0064987134312122,0.106976374943954
2.4,-0.0205370111611115,-0.0729062797143951,0.00998490127337955,-0.00859886294161816,0.00637337015364171,0.104927206722188
2.42,-0.0219760869693806,-0.0710008913025518,0.00981353772538083,-0.00854650820570235,0.00624998753952683,0.102904942731612
2.44,-0.0233774250704399,-0.0691325116225086,0.00964327355586727,-0.00848886723771569,0.00612855833287522,0.100909753784154
2.46,-0.0247417605187392,-0.0673006288980675,0.00947421014513286,-0.00842636913874734,0.00600907405496804,0.0989417800208494
2.48,-0.0260698181199886,-0.0655047300115919,0.00930644056133525,-0.00835941645869972,0.00589152507252988,0.0970011324497729
2.5,-0.0273623124088476,-0.0637443009569971,0.00914005007436911,-0.00828838688427853,0.00577590066342134,0.0950878943828535
2.52,-0.0286199476354654,-0.0620188272718383,0.00897511663714615,-0.00821363481206105,0.00566218908004424,0.093202122786506
2.54,-0.0298434177604668,-0.0603277944497266,0.00881171133650482,-0.00813549281405518,0.00555037761061073,0.0913438495586426
2.56,-0.0310334064580013,-0.0586706883340899,0.00864989881582781,-0.00805427300284981,0.0054404526383962,0.0895130827425231
2.58,-0.032190587126489,-0.0570469954941172,0.00848973767130673,-0.00797026830312942,0.00533239969906968,0.0877098076861
2.6,-0.0333156229067155,-0.0554562035835869,0.0083312808236615,-0.0078837536359878,0.0052262035361747,0.0859339881539592
2.62,-0.0344091667069381,-0.0538978016831632,0.00817457586699653,-0.00779498702213287,0.00512184815481639,0.0841855673976274
2.64,-0.0354718612346785,-0.052371280626656,0.00801966539635763,-0.00770421060973109,0.00501931687359796,0.0824644691888809
2.66,-0.0365043390348845,-0.0508761333116728,0.00786658731544201,-0.00761165163229998,0.00491859237483932,0.0807705988197412
2.68,-0.0375072225341538,-0.0494118549950349,0.00771537512580892,-0.0075175233017228,0.00481965675310323,0.0791038440720328
2.7,-0.0384811240907164,-0.0479779435732992,0.0075660581988404,-0.00742202564113432,0.00472249156204932,0.0774640761587189
2.72,-0.0394266460498828,-0.0465738998486942,0.00741866203160969,-0.00732534626211125,0.00462707785963244,0.0758511506386747
2.74,-0.0403443808046683,-0.0451992277807664,0.00727320848772941,-0.00722766109029786,0.00453339625166013,0.0742649083061192
2.76,-0.0412349108613101,-0.0438534347240249,0.00712971602417189,-0.00712913504330737,0.00444142693372302,0.0727051760555604
2.78,-0.0420988089094007,-0.0425360316518646,0.00698819990497986,-0.00702992266446304,0.004351149731512,0.0711717677228345
2.8,-0.0429366378963659,-0.041246533367055,0.00684867240271751,-0.0069301687156811,0.00426254413953685,0.0696644849025952
2.82,-0.0437489511060212,-0.0399844586990835,0.00671114298844781,-0.00683000873254995,0.00417558935826243,0.0681831177424491
2.84,-0.0445362922409463,-0.0387493306886481,0.00657561851096385,-0.00672956954442679,0.00409026432968017,0.06672744571382
2.86,-0.0452991955084254,-0.0375406767596071,0.00644210336594726,-0.00662896976215468,0.00400654777133448,0.0652972383595398
2.88,-0.0460381857097035,-0.0363580288786971,0.00631059965567712,-0.0065283202357979,0.00392441820882613,0.0638922560181214
2.9,-0.0467537783323183,-0.0352009237033451,0.00618110733986657,-0.00642772448460316,0.0038438540068165,0.0625122505246482
2.92,-0.0474464796452732,-0.0340689027179067,0.00605362437816203,-0.00632727910121673,0.00376483339855906,0.0611569658882107
2.94,-0.0481167867968228,-0.0329615123586721,0.00592814686480094,-0.00622707413202285,0.00368733451398621,0.0598261389458405
2.96,-0.0487651879146496,-0.0318783041279897,0.00580466915588832,-0.00612719343531642,0.0036113354063821,0.058519499992917
2.98,-0.0493921622082182,-0.0308188346978632,0.00568318398971952,-0.00602771501888255,0.00353681407767338,0.0572367733900604
3,-0.0499981800731002,-0.0297826660033847,0.00556368260054616,-0.00592871135842538,0.00346374850237191,0.0559776781465687
3.02,-0.0505837031970698,-0.0287693653263697,0.00544615482615525,-0.00583024969816972,0.00339211665020467,0.0547419284805022
3.04,-0.0511491846677774,-0.0277785053695634,0.00533058920960528,-0.00573239233484936,0.00332189650746769,0.0535292343555711
3.06,-0.0516950690818183,-0.0268096643217903,0.00521697309544061,-0.00563519688619531,0.00325306609714164,0.0523393019950307
3.08,-0.0522217926550157,-0.0258624259144179,0.00510529272068349,-0.0055387165449457,0.00318560349780774,0.0511718343728394
3.1,-0.0527297833337517,-0.0249363794695048,0.00499553330088402,-0.00544300031931475,0.00311948686140348,0.0500265316823806
3.12,-0.0532194609071812,-0.0240311199400041,0.00488767911148988,-0.00534809326078183,0.00305469442985776,0.0489030917831014
3.14,-0.0536912371201736,-0.023146247942385,0.00478171356478157,-0.00525403667999151,0.00299120455064586,0.0478012106254545
3.16,-0.054145515786836,-0.0222813697820364,0.00467761928260347,-0.00516086835149213,0.00292899569130432,0.0467205826545771
3.18,-0.0545826929044751,-0.0214360974718074,0.0045753781651071,-0.00506862270798242,0.00286804645294617,0.0456609011931734
3.2,-0.0550031567678652,-0.0206100487440344,0.00447497145571027,-0.00497733102468306,0.00280833558281644,0.0446218588040956
3.22,-0.055407288083695,-0.0198028470563995,0.00437637980246366,-0.00488702159440237,0.0027498419859279,0.0436031476331522
3.24,-0.0557954600850732,-0.0190141215919547,0.00427958331600573,-0.00479771989382203,0.00269254473581616,0.0426044597326896
3.26,-0.0561680386459804,-0.0182435072536399,0.00418456162427656,-0.00470944874148904,0.00263642308445305,0.0416254873665175
3.28,-0.0565253823955581,-0.0174906446536128,0.00409129392415188,-0.0046222284479649,0.00258145647135626,0.0406659232967625
3.3,-0.0568678428321369,-0.0167551800977011,0.00399975903014993,-0.00453607695855012,0.00252762453193269,0.039725461053245
3.32,-0.0571957644369076,-0.0160367655652764,0.00390993542035558,-0.00445100998897312,0.00247490710509199,0.0388037951859868
3.34,-0.0575094847871465,-0.0153350586848409,0.00382180127969892,-0.00436704115440568,0.00242328424016584,0.0379006215014589
3.36,-0.0578093346689133,-0.0146497227056057,0.0037353345407181,-0.00428418209214304,0.00237273620316778,0.0370156372831837
3.38,-0.0580956381891423,-0.0139804264653325,0.00365051292193007,-0.00420244257826441,0.00232324348242721,0.0361485414973051
3.4,-0.0583687128870567,-0.0133268443546978,0.00356731396392657,-0.00412183063857017,0.0022747867936302,0.0352990349837351
3.42,-0.0586288698448371,-0.0126886562784283,0.00348571506330691,-0.00404235265407311,0.00222734708429866,0.0344668206334845
3.44,-0.0588764137974831,-0.012065547613449,0.00340569350455392,-0.00396401346130487,0.0021809055377385,0.0336516035527744
3.46,-0.0591116432418109,-0.0114572091642714,0.00332722648995413,-0.00388681644768356,0.00213544357648614,0.0328530912145175
3.48,-0.0593348505445325,-0.0108633371158409,0.00325029116765869,-0.00381076364217413,0.00209094286528166,0.0320709935977487
3.5,-0.0595463220493689,-0.010283632984054,0.00317486465797686,-0.00373585580146102,0.00204738531359587,0.0313050233155712
3.52,-0.0597463381831524,-0.00971780356414328,0.00310092407798979,-0.00366209249184013,0.00200475307773744,0.0305548957321706
3.54,-0.0599351735608776,-0.00916556087712057,0.00302844656456804,-0.00358947216702706,0.00196302856256518,0.0298203290694377
3.56,-0.0601130970896626,-0.00862662211445864,0.00295740929587282,-0.00351799224206792,0.00192219442282934,0.0291010445037232
3.58,-0.0602803720715892,-0.00810070958118288,0.0028877895114169,-0.00344764916353038,0.00188223356416504,0.0283967662532335
3.6,-0.0604372563053899,-0.0075875506375353,0.00281956453075791,-0.00337843847614353,0.00184312914375967,0.0277072216565596
3.62,-0.0605840021869558,-0.00708687763936494,0.00275271177089355,-0.0033103548860475,0.0018048645707151,0.0270321412428155
3.64,-0.0607208568086411,-0.00659842787739006,0.00268720876242464,-0.00324339232080618,0.00176742350612481,0.0263712587938443
3.66,-0.0608480620573423,-0.0061219435154699,0.0026230331645496,-0.00317754398632936,0.00173078986288467,0.0257243113989357
3.68,-0.0609658547113357,-0.00565717152801565,0.0025601627789505,-0.00311280242084415,0.00169494780525574,0.025091039502478
3.7,-0.0610744665358541,-0.0052038636366631,0.00249857556262841,-0.00304915954604935,0.00165988174819587,0.0244711869449551
3.72,-0.0611741243773916,-0.00476177624632212,0.00243824963974308,-0.00298660671558059,0.00162557635647678,0.0238645009976779
3.74,-0.0612650502567247,-0.00433067038071137,0.00237916331250951,-0.00292513476090854,0.00159201654360172,0.0232707323916265
3.76,-0.0613474614606388,-0.00391031161748,0.0023212950712015,-0.00286473403478737,0.00155918747053864,0.0226896353407611
3.78,-0.061421570632355,-0.00350047002301164,0.00226462360331003,-0.00280539445236555,0.00152707454428259,0.0221209675601436
3.8,-0.0614875858606502,-0.00310092008700054,0.00220912780190218,-0.00274710553006644,0.0014956634162605,0.0215644902791976
3.82,-0.0615457107676677,-0.00271144065688304,0.00215478677322414,-0.00268985642234166,0.00146493998059087,0.0210199682504172
3.84,-0.0615961445954152,-0.00233181487220317,0.00210157984358971,-0.00263363595639572,0.00143489037220995,0.020487169753823
3.86,-0.0616390822909506,-0.00196183009898498,0.0020494865655941,-0.00257843266497661,0.00140550096487567,0.0199658665974446
3.88,-0.0616747145902561,-0.00160127786418,0.00199848672369068,-0.0025242348173228,0.00137675836905964,0.0194558341141007
3.9,-0.0617032281008025,-0.00124995379025311,0.0019485603391666,-0.00247103044835348,0.00134864942973722,0.0189568511547296
3.92,-0.0617248053828069,-0.000907657529965664,0.00189968767455174,-0.00241880738618523,0.00132116122408488,0.0184687000785114
3.94,-0.0617396250291892,-0.0005741927014108,0.00185184923749345,-0.00236755327805472,0.00129428105909366,0.0179911667400135
3.96,-0.0617478617442319,-0.00024936682335136,0.00180502578412837,-0.0023172556147239,0.00126799646910696,0.017524040473573
3.98,-0.0617496864209502,6.70087490925161e-05,0.00175919832198075,-0.00226790175344071,0.00124229521329053,0.0170671140751237
4,-0.0617452662171804,0.000375118888362909,0.00171434811241562,-0.00221947893952531,0.00121716527304175,0.0166201837816606
4.02,-0.0617347646303927,0.000675144757950831,0.00167045667267343,-0.00217197432664891,0.00119259484934533,0.0161830492485272
4.04,-0.0617183415712414,0.000967263875413447,0.00162750577751187,-0.00212537499586936,0.00116857236008164,0.0157555135246971
4.06,-0.061696153435857,0.00125165017488815,0.00158547746047891,-0.00207966797348482,0.0011450864372939,0.0153373830262154
4.08,-0.0616683531768959,0.00152847406907269,0.00154435401484018,-0.00203484024776434,0.0011221259244198,0.0149284675079533
4.1,-0.0616350903733543,0.00179790251064325,0.00150411799418262,-0.00199087878461151,0.00109967987349286,0.0145285800338221
4.12,-0.0615965112991607,0.00206009905308487,0.00146475221271512,-0.00194777054221482,0.00107773754231864,0.0141375369455842
4.14,-0.0615527589905572,0.00231522391091108,0.00142623974528594,-0.00190550248473614,0.00105628839163025,0.0137551578303896
4.16,-0.0615039733122834,0.00256343401925184,0.00138856392713558,-0.00186406159508637,0.00103532208222779,0.0133812654871606
4.18,-0.0614502910225745,0.00280488309279083,0.00135170835340302,-0.00182343488683512,0.00101482847210551,0.0130156858919384
4.2,-0.0613918458369876,0.00303972168403539,0.00131565687840201,-0.00178360941529911,0.00099479761357075,0.0126582481622998
4.22,-0.0613287684910694,0.00326809724090414,0.00128039361468349,-0.00174457228785214,0.000975219750357986,0.0123087845209456
4.24,-0.0612611868018788,0.00349015416361892,0.0012459029318994,-0.00170631067349735,0.000956085314741506,0.0119671302585538
4.26,-0.0611892257283797,0.00370603386088971,0.00121216945548198,-0.00166881181174057,0.000937384924649634,0.0116331236959895
4.28,-0.0611130074307157,0.00391587480538225,0.00117917806515244,-0.00163206302080207,0.000919109380783442,0.0113066061459533
4.3,-0.0610326513283845,0.00411981258845992,0.00114691389327164,-0.00159605170520194,0.000901249663742621,0.0109874218741472
4.32,-0.0609482741573232,0.00431797997419267,0.00111536232304515,-0.00156076536275293,0.000883796931160948,0.0106754180600309
4.34,-0.0608599900259217,0.00451050695262683,0.00108450898659405,-0.00152619159099273,0.000866742514853675,0.0103704447572393
4.36,-0.0607679104699783,0.00469752079231127,0.00105433976290253,-0.00149231809308659,0.000850077917978953,0.0100723548537218
4.38,-0.0606721445066116,0.00487914609207596,0.00102484077565241,-0.0014591326832291,0.00083379481221524,0.00978100403166854
4.4,-0.0605727986871446,0.0050555048320605,0.000995998390954495,-0.0014266232915732,0.000817885034956531,0.00949625072727487
4.42,-0.0604699771489759,0.00522671642399071,0.000967799214985819,-0.00139477796871267,0.000802340586527048,0.0092179560904003
4.44,-0.060363781666453,0.00539289776070267,0.000940230091541489,-0.00136358488974332,0.000787153627416962,0.00894598394416854
4.46,-0.060254311700762,0.00555416326491412,0.000913278099509351,-0.00133303235792671,0.000772316475540512,0.00868020074455565
4.48,-0.0601416644488501,0.00571062493724403,0.00088693055027514,-0.00130310880797938,0.000757821603517844,0.0084204755400082
4.5,-0.0600259348913951,0.00586239240348199,0.000861174985065425,-0.00127380280900891,0.000743661635981731,0.00816667993113087
4.52,-0.0599072158398366,0.00600957296110942,0.000835999172235173,-0.00124510306711764,0.00072982934691025,0.00791868803048018
4.54,-0.0597855979824843,0.00615227162507565,0.000811391104506398,-0.00121699842769345,0.000716317656986374,0.00767637642249947
4.56,-0.0596611699297189,0.00629059117283207,0.000787338996163966,-0.00118947787740623,0.000703119630985387,0.00743962412362463
4.58,-0.0595340182582987,0.00642463218862839,0.000763831280214248,-0.00116253054592761,0.000690228475190868,0.00720831254259246
4.6,-0.0594042275547882,0.00655449310707545,0.000740856605512,-0.00113614570739077,0.000677637534839996,0.00698232544097599
4.62,-0.0592718804581228,0.00668027025597929,0.000718403833860505,-0.00111031278160616,0.000665340291598775,0.00676154889397384
4.64,-0.0591370577013235,0.00680205789845203,0.000696462037089687,-0.00108502133504826,0.000653330361067749,0.00654587125147525
4.66,-0.0589998381523772,0.00691994827430494,0.000675020494116668,-0.00106026108162767,0.000641601490318681,0.00633518309942306
4.68,-0.0588602988542959,0.00703403164072999,0.000654068687992881,-0.0010360218832621,0.000630147555462643,0.0061293772214923
4.7,-0.0587185150643695,0.007144396312276,0.000633596302941663,-0.00101229375025917,0.000618962559249854,0.00592834856110432
4.72,-0.0585745602926255,0.00725112870012625,0.000613593221389947,-0.000989066841523196,0.000608040628701593,0.00573199418379042
4.74,-0.0584285063395113,0.00735431335068415,0.000594049520997472,-0.00096633146459753,0.000597376012774422,0.00554021323992162
4.76,-0.05828042333281,0.0074540329834745,0.000574955471686673,-0.000944078075553446,0.00058696308005694,0.00535290692781638
4.78,-0.0581303797638066,0.00755036852836724,0.000556301532676225,-0.000922297278735933,0.000576796316499209,0.00516997845723966
4.8,-0.0579784425227149,0.00764339916213174,0.000538078349521005,-0.000900979826376242,0.000566870323174974,0.00499133301330284
4.82,-0.0578246769333813,0.00773320234432886,0.000520276751161028,-0.0008801166180805,0.000557179814076755,0.00481687772077515
4.84,-0.0576691467872762,0.00781985385254904,0.000502887746981764,-0.000859698700203199,0.000547719613943825,0.00464652160881537
4.86,-0.0575119143767878,0.00790342781700426,0.000485902523888043,-0.000839717265113917,0.000538484656123096,0.00448017557613039
4.88,-0.0573530405278301,0.007983996754482,0.000469312443393606,-0.000820163650365147,0.000529469980462869,0.00431775235656799
4.9,-0.0571925846317783,0.00806163160166947,0.000453109038728206,-0.000801029337768704,0.000520670731239371,0.00415916648515025
4.92,-0.0570306046767438,0.00813640174785641,0.000437284011964008,-0.00078230595238777,0.000512082155116013,0.00400433426455085
4.94,-0.0568671572782011,0.00820837506702492,0.000421829231162926,-0.000763985261451229,0.000503699599135213,0.0038531737320226
4.96,-0.0567022977089797,0.00827761794933466,0.000406736727546365,-0.000746059173196623,0.00049551850874268,0.00370560462677606
4.98,-0.0565360799286312,0.00834419533201194,0.000391998692688749,-0.000728519735647631,0.000487534425843948,0.00356154835781481
5,-0.0563685566121853,0.00840817072965139,0.000377607475736088,-0.00071135913533174,0.000479742986893002,0.00342092797222716
5.02,-0.0561997791783052,0.0084696062639385,0.000363555580650715,-0.000694569695943375,0.000472139921012766,0.00328366812393716
5.04,-0.0560297978168541,0.00852856269280183,0.000349835663483254,-0.000678143876957505,0.000464721048147253,0.00314969504291501
5.06,-0.0558586615158852,0.00858509943900334,0.000336440529672733,-0.000662074272198428,0.000457482277245089,0.00301893650484836
5.08,-0.0556864180880638,0.0086392746181755,0.000323363131375727,-0.000646353608368203,0.000450419604474198,0.00289132180127282
5.1,-0.0555131141965356,0.00869114506631356,0.000310596564825263,-0.000630974743538894,0.000443529111467342,0.00276678171016314
5.12,-0.0553387953802499,0.00874076636673178,0.000298134067720197,-0.000615930665612588,0.000436806963598249,0.0026452484669818
5.14,-0.055163506078749,0.00878819287649192,0.000285969016645656,-0.000601214490752887,0.000430249408288013,0.00252665573618612
5.16,-0.0549872896564339,0.0088334777523125,0.00027409492452508,-0.000586819461791379,0.000423852773341478,0.00241093858318995
5.18,-0.0548101884263175,0.00887667297596735,0.000262505438104343,-0.000572738946612366,0.000417613465313271,0.00229803344677922
5.2,-0.0546322436732749,0.00891782937918175,0.000251194335468343,-0.000558966436518931,0.000411527967903161,0.00218787811197863
5.22,-0.0544534956767997,0.00895699666803448,0.000240155523590412,-0.00054549554458326,0.000405592840380418,0.00208041168336666
5.24,-0.0542739837332783,0.00899422344687419,0.000229383035914833,-0.000532320003983916,0.000399804716036811,0.001975574558836
5.26,-0.0540937461777902,0.0090295572417581,0.000218871029972699,-0.000519433666332649,0.000394160300667929,0.00187330840379602
5.28,-0.0539128204054439,0.00906304452342136,0.0002086137850313,-0.000506830499993091,0.000388656371082431,0.00177355612581433
5.3,-0.0537312428922587,0.0090947307297851,0.000198605699777176,-0.000494504588393616,0.000383289773638905,0.00167626184969331
5.32,-0.0535490492155999,0.00912466028801103,0.000188841290032929,-0.000482450128336444,0.000378057422809946,0.0015813708929781
5.34,-0.0533662740741787,0.00915287663611081,0.000179315186507861,-0.000470661428304943,0.000372956299773111,0.00148882974189133
5.36,-0.0531829513076231,0.00917942224411778,0.000170022132582441,-0.000459132906770972,0.000367983451028363,0.00139858602769167
5.38,-0.0529991139156298,0.00920433863482889,0.000160956982126592,-0.000447859090503966,0.000363135987041646,0.00131058850345048
5.4,-0.0528147940767066,0.00922766640412466,0.000152114697351746,-0.000436834612883357,0.000358411080914218,0.00122478702124332
5.42,-0.0526300231665109,0.00924944524087455,0.000143490346696584,-0.000426054212215816,0.000353805967077363,0.00114113250975038
5.44,-0.0524448317757957,0.00926971394643539,0.000135079102746351,-0.000415512730058691,0.000349317940012115,0.00105957695226285
5.46,-0.0522592497279681,0.00928851045375024,0.000126876240185612,-0.000405205109550925,0.000344944352993623,0.000980073365088385
5.48,-0.0520733060962715,0.00930587184605509,0.000118877133784283,-0.000395126393752629,0.000340682616859761,0.000902575776353241
5.5,-0.0518870292205958,0.00932183437520046,0.000111077256416754,-0.00038527172399444,0.000336530198803651,0.00082703920519322
5.52,-0.051700446723926,0.0093364334795953,0.000103472177113906,-0.000375636338237632,0.00033248462118967,0.000753419641331785
5.54,-0.0515135855284354,0.00934970380177995,9.60575591477867e-05,-0.000366215569445975,0.000328543460392635,0.000681674025036704
5.56,-0.051326471871231,0.0093616792056354,8.88291581487045e-05,-0.000357004843970151,0.000324704345659729,0.000611760227453268
5.58,-0.051139131319758,0.00937239279323546,8.17828202544887e-05,-0.000347999679945553,0.000320964957994858,0.000543637031306741
5.6,-0.0509515887868709,0.00938187692134879,7.49144802916319e-05,-0.000339195685704187,0.000317323029065029,0.00047726411197011
5.62,-0.0507638685455786,0.00939016321759733,6.8220159988032e-05,-0.000330588558201331,0.000313776340128406,0.000412602018891503
5.64,-0.0505759942434682,0.00939728259627773,6.16959662170301e-05,-0.000322174081457568,0.00031032272098369,0.000349612157375446
5.66,-0.0503879889168178,0.00940326527385236,5.53380892724326e-05,-0.000313948125016729,0.00030696004894043,0.000288256770714417
5.68,-0.0501998750044007,0.00940814078411602,4.91428011741941e-05,-0.000305906642420254,0.000303686247809949,0.000228498922663414
5.7,-0.0500116743609905,0.00941193799304493,4.31064540044284e-05,-0.000298045669698411,0.000300499286916497,0.000170302480254004
5.72,-0.0498234082705724,0.00941468511333392,3.72254782734071e-05,-0.000290361323878776,0.000297397180128314,0.000113632096941093
5.74,-0.0496350974592662,0.00941640971862805,3.14963813151964e-05,-0.000282849801512314,0.000294377984908219,5.84531960792648e-05
5.76,-0.0494467621079683,0.00941713875745462,2.5915745712578e-05,-0.000275507377217414,0.000291439801383408,4.73195472088656e-06
5.78,-0.0492584218647176,0.00941689856686141,2.04802277508917e-05,-0.000268330402242097,0.00028858077143412,-4.75647122669069e-05
5.8,-0.0490700958567914,0.00941571488576695,1.51865559004348e-05,-0.00026131530304469,0.000285799077800807,-9.84691677724707e-05
5.82,-0.0488818027025378,0.00941361286802862,1.00315293270465e-05,-0.000254458579893137,0.000283092943209524,-0.000148013067703154
5.84,-0.0486935605229487,0.009410617095234,5.01201643050298e-06,-0.000247756805483115,0.000280460629515148,-0.000196227375944576
5.86,-0.0485053869529801,0.00940675158922115,1.24953410346882e-07,-0.000241206623575132,0.000277900436862161,-0.000243142379023988
5.88,-0.0483172991526246,0.00940203982433313,-4.63265714123081e-06,-0.000234804747650674,0.000275410702862633,-0.000288787700480195
5.9,-0.0481293138177414,0.0093965047394121,-9.26374761983705e-06,-0.000228547959587519,0.00027298980179111,-0.000333192314946059
5.92,-0.047941447190649,0.00939016874953833,-1.37711867630354e-05,-0.000222433108354268,0.000270636143796085,-0.000376384561948873
5.94,-0.0477537150704855,0.00938305375751905,-1.81577809786014e-05,-0.000216457108724123,0.000268348174127742,-0.000418392159432211
5.96,-0.0475661328233416,0.0093751811651324,-2.24262756472599e-05,-0.000210616940007946,0.000266124372381681,-0.000459242217005999
5.98,-0.0473787153921715,0.00936657188413134,-2.65793564002889e-05,-0.000204909644806571,0.000263963251758303,-0.00049896124892759
6,-0.0471914773064852,0.00935724634701242,-3.06196503723758e-05,-0.000199332327782364,0.000261863358337574,-0.000537575186820132
6.02,-0.0470044326918288,0.00934722451755411,-3.4549727430109e-05,-0.000193882154449976,0.00025982327036887,-0.000575109392132067
6.04,-0.0468175952790556,0.00933652590112958,-3.83721013764887e-05,-0.000188556349986245,0.000257841597575622,-0.000611588668343027
6.06,-0.0466309784133929,0.00932516955479832,-4.20892311318392e-05,-0.000183352198059151,0.00025591698047446,-0.000647037272920089
6.08,-0.0464445950633103,0.00931317409718126,-4.5703521891502e-05,-0.000178267039675755,0.000254048089708598,-0.000681478929029188
6.1,-0.0462584578291912,0.00930055771812389,-4.92173262606883e-05,-0.000173298272049017,0.000252233625395168,-0.000714936837006604
6.12,-0.0460725789518143,0.00928733818815154,-5.26329453668676e-05,-0.000168443347483374,0.000250472316486243,-0.000747433685594288
6.14,-0.0458869703206472,0.00927353286772131,-5.59526299500656e-05,-0.000163699772278945,0.00024876292014328,-0.000778991662943797
6.16,-0.0457016434819571,0.00925915871627474,-5.91785814314429e-05,-0.000159065105654255,0.000247104221124706,-0.000809632467392822
6.18,-0.0455166096467431,0.0092442323010954,-6.23129529605229e-05,-0.000154536958687302,0.000245495031186424,-0.000839377318019333
6.2,-0.0453318796984924,0.00922876980597536,-6.5357850441434e-05,-0.000150112993274827,0.000243934188494935,-0.000868246964976246
6.22,-0.0451474642007651,0.00921278703969467,-6.83153335385282e-05,-0.000145790921109628,0.000242420557052876,-0.000896261699612205
6.24,-0.044963373404612,0.00919629944431752,-7.11874166617361e-05,-0.000141568502675745,0.000240953026136693,-0.000923441364381424
6.26,-0.0447796172558275,0.00917932210330914,-7.3976069932012e-05,-0.000137443546261326,0.000239530509746226,-0.00094980536254723
6.28,-0.0445962054020422,0.00916186974947699,-7.66832201272229e-05,-0.000133413906989022,0.000238151946065956,-0.000975372667682982
6.3,-0.0444131471996586,0.00914395677274001,-7.93107516088275e-05,-0.000129477485863689,0.000236816296937695,-0.00100016183297451
6.32,-0.0442304517206323,0.00912559722772955,-8.18605072296912e-05,-0.000125632228837227,0.000235522547344473,-0.00102419100032758
6.34,-0.0440481277591043,0.00910680484122545,-8.43342892233771e-05,-0.000121876125890356,0.000234269704905409,-0.00104747790928443
6.36,-0.0438661838378845,0.00908759301943071,-8.67338600752487e-05,-0.000118207210131114,0.000233056799381342,-0.00107003990575322
6.38,-0.0436846282147925,0.00906797485508832,-8.90609433757179e-05,-0.000114623556909889,0.000231882882191,-0.00109189395055376
6.4,-0.0435034688888571,0.00904796313444335,-9.13172246559656e-05,-0.000111123282950759,0.000230747025937491,-0.00111305662778305
6.42,-0.0433227136063782,0.00902757034405369,-9.35043522064596e-05,-0.000107704545498956,0.000229648323944923,-0.00113354415300455
6.44,-0.0431423698668539,0.00900680867745265,-9.56239378785891e-05,-0.00010436554148421,0.00022858588980492,-0.00115337238126464
6.46,-0.042962444928776,0.00898569004166649,-9.76775578697322e-05,-0.000101104506699781,0.000227558856932858,-0.00117255681493913
6.48,-0.0427829458152959,0.00896422606359002,-9.96667534920668e-05,-9.79197149969571e-05,0.000226566378133603,-0.00119111261141408
6.5,-0.0426038793197655,0.00894242809622317,-0.000101593031925433,-9.48094774947955e-05,0.000225607625176565,-0.00120905459060334
6.52,-0.042425252011154,0.00892030722477166,-0.000103457866954546,-9.17721418048954e-05,0.000224681788379876,-0.00122639724230703
6.54,-0.0422470702393435,0.0088978742726145,-0.000105262699690868,-8.88060912709757e-05,0.000223788076203503,-0.00124315473341302
6.56,-0.042069340140308,0.00887513980714118,-0.000107008939279414,-8.59097442230514e-05,0.000222925714851103,-0.00125934091494557
6.58,-0.0418920676411758,0.00885211414546144,-0.000108697963590805,-8.30815532459795e-05,0.000222093947880463,-0.00127496932896395
6.6,-0.041715258465179,0.00882880735999019,-0.000110331119898831,-8.03200044621512e-05,0.000221292035822314,-0.00129005321531356
6.62,-0.041538918136493,0.00880522928391034,-0.000111909725543821,-7.76236168281245e-05,0.000220519255807377,-0.00130460551823336
6.64,-0.0413630519849681,0.00878138951651612,-0.000113435068582088,-7.49909414449657e-05,0.000219774901201443,-0.0013186388928216
6.66,-0.0411876651507541,0.00875729742843943,-0.000114908408421721,-7.2420560882096e-05,0.000219058281248343,-0.00133216571136397
6.68,-0.0410127625888235,0.00873296216676179,-0.000116330976445,-6.99110885144076e-05,0.000218368720720622,-0.00134519806952542
6.7,-0.0408383490733917,0.00870839266001423,-0.000117703976617683,-6.74611678724577e-05,0.000217705559577773,-0.00135774779241014
6.72,-0.0406644292022396,0.00868359762306765,-0.000119028586085438,-6.50694720054985e-05,0.000217068152631863,-0.0013698264404908
6.74,-0.0404910074009387,0.00865858556191594,-0.000120305955757665,-6.27347028571556e-05,0.000216455869220405,-0.00138144531541133
6.76,-0.0403180879269821,0.00863336477835409,-0.000121537210878964,-6.04555906535163e-05,0.000215868092886299,-0.0013926154656636
6.78,-0.0401456748738225,0.00860794337455375,-0.000122723451588493,-5.82308933034587e-05,0.000215304221064739,-0.00140334769214398
6.8,-0.0399737721748203,0.00858232925753822,-0.000123865753467462,-5.60593958109564e-05,0.00021476366477689,-0.0014136525535885
6.82,-0.0398023836071024,0.00855653014355921,-0.000124965168074989,-5.39399096992035e-05,0.000214245848330225,-0.00142354037189203
6.84,-0.0396315127953351,0.00853055356237737,-0.000126022723472568,-5.18712724463251e-05,0.000213750209025368,-0.00143302123731222
6.86,-0.0394611632154118,0.00850440686144877,-0.000127039424737372,-4.9852346932483e-05,0.00021327619686931,-0.00144210501356148
6.88,-0.0392913381980585,0.00847809721001927,-0.000128016254464606,-4.78820208981692e-05,0.000212823274294861,-0.00145080134278902
6.9,-0.0391220409323579,0.00845163160312882,-0.000128954173259152,-4.59592064134882e-05,0.000212390915886202,-0.00145911965045487
6.92,-0.038953274469194,0.0084250168655276,-0.000129854120216706,-4.40828393582393e-05,0.000211978608110415,-0.00146706915009877
6.94,-0.0387850417246203,0.00839825965550603,-0.000130717013394637,-4.22518789126017e-05,0.000211585849054863,-0.00147465884800589
6.96,-0.0386173454831507,0.00837136646864031,-0.000131543750272754,-4.04653070582236e-05,0.00021121214817029,-0.00148189754777174
6.98,-0.0384501884009779,0.00834434364145548,-0.00013233520820422,-3.87221280895243e-05,0.000210857026019521,-0.00148879385476761
7,-0.0382835730091183,0.00831719735500774,-0.000133092244856783,-3.7021368135035e-05,0.00021052001403165,-0.00149535618050949
7.02,-0.0381175017164862,0.00828993363838778,-0.000133815698644544,-3.53620746885852e-05,0.000210200654261583,-0.0015015927469325
7.04,-0.0379519768128991,0.00826255837214687,-0.000134506389150451,-3.37433161501432e-05,0.000209898499154842,-0.00150751159057198
7.06,-0.0377870004720151,0.00823507729164726,-0.000135165117539706,-3.2164181376148e-05,0.000209613111317501,-0.00151312056665402
7.08,-0.0376225747542035,0.00820749599033876,-0.000135792666964277,-3.06237792391429e-05,0.000209344063291151,-0.00151842735309735
7.1,-0.0374587016093514,0.00817981992296285,-0.000136389802958703,-2.91212381965336e-05,0.000209090937332784,-0.00152343945442755
7.12,-0.0372953828796063,0.00815205440868613,-0.000136957273827361,-2.76557058683106e-05,0.000208853325199497,-0.001528164205607
7.14,-0.0371326203020573,0.00812420463416449,-0.000137495811023385,-2.62263486235436e-05,0.0002086308279379,-0.00153260877578034
7.16,-0.0369704155113549,0.00809627565653955,-0.000138006129519402,-2.48323511755104e-05,0.000208423055678145,-0.00153678017193951
7.18,-0.0368087700422723,0.00806827240636888,-0.000138488928170265,-2.34729161852606e-05,0.00020822962743245,-0.00154068524250788
7.2,-0.0366476853322084,0.00804019969049144,-0.000138944890067936,-2.21472638734815e-05,0.000208050170898052,-0.00154433068084691
7.22,-0.036487162723634,0.0080120621948296,-0.000139374682888699,-2.08546316404871e-05,0.000207884322264475,-0.00154772302868621
7.24,-0.036327203466483,0.00798386448712916,-0.00013977895923285,-1.95942736941726e-05,0.000207731726025019,-0.00155086867947838
7.26,-0.036167808720489,0.00795561101963876,-0.000140158356957036,-1.83654606857915e-05,0.000207592034792392,-0.00155377388168117
7.28,-0.0360089795574688,0.00792730613172995,-0.000140513499499383,-1.71674793533851e-05,0.000207464909118373,-0.00155644474196708
7.3,-0.035850716963555,0.00789895405245919,-0.000140844996197572,-1.59996321727376e-05,0.000207350017317455,-0.00155888722836395
7.32,-0.0356930218413765,0.00787055890307319,-0.000141153442600016,-1.48612370156768e-05,0.000207247035294342,-0.00156110717332579
7.34,-0.0355358950121906,0.00784212469945865,-0.000141439420770276,-1.37516268156049e-05,0.000207155646375242,-0.00156311027673723
7.36,-0.0353793372179664,0.00781365535453774,-0.000141703499584861,-1.26701492400962e-05,0.000207075541142866,-0.00156490210885172
7.38,-0.0352233491234202,0.00778515468061046,-0.000141946235024553,-1.16161663704296e-05,0.000207006417275056,-0.00156648811316562
7.4,-0.0350679313180055,0.00775662639164506,-0.000142168170459394,-1.05890543879192e-05,0.000206947979386958,-0.00156787360922943
7.42,-0.0349130843178569,0.00772807410551765,-0.000142369836927472,-9.58820326689557e-06,0.000206899938876663,-0.00156906379539718
7.44,-0.0347588085676905,0.00769950134620211,-0.000142551753407631,-8.61301647421859e-06,0.000206862013774257,-0.00157006375151583
7.46,-0.03460510444266,0.00767091154591139,-0.000142714427086242,-7.6629106751774e-06,0.000206833928594172,-0.00157087844155535
7.48,-0.0344519722501712,0.00764230804719128,-0.000142858353618153,-6.7373154456618e-06,0.000206815414190802,-0.00157151271618131
7.5,-0.0342994122316551,0.00761369410496771,-0.000142984017381955,-5.83567299046895e-06,0.000206806207617302,-0.00157197131527148
7.52,-0.0341474245643,0.0075850728885485,-0.000143091891729664,-4.95743786761241e-06,0.000206806051987481,-0.00157225887037626
7.54,-0.0339960093627443,0.00755644748358074,-0.000143182439230967,-4.10207671853259e-06,0.000206814696340747,-0.00157237990712561
7.56,-0.033845166680731,0.00752782089396454,-0.000143256111912121,-3.26906800407729e-06,0.000206831895510025,-0.00157233884758317
7.58,-0.0336948965127232,0.00749919604372441,-0.000143313351489633,-2.45790174613191e-06,0.000206857409992601,-0.00157214001254889
7.6,-0.033545198795484,0.00747057577883883,-0.000143354589598835,-1.66807927477409e-06,0.00020689100582378,-0.00157178762380985
7.62,-0.0333960734096191,0.00744196286902929,-0.000143380248017454,-8.9911298087762e-07,0.000206932454453371,-0.00157128580634342
7.64,-0.0332475201810848,0.00741336000950944,-0.000143390738884294,-1.50526073998893e-07,0.000206981532624863,-0.0015706385904703
7.66,-0.0330995388826607,0.00738476982269539,-0.000143386464913125,5.78147654514693e-07,0.000207038022257286,-0.00156984991396132
7.68,-0.0329521292353892,0.00735619485987784,-0.000143367819601895,1.28736406333525e-06,0.000207101710329674,-0.00156892362409713
7.7,-0.0328052909099817,0.0073276376028571,-0.00014333518743735,1.97756888796636e-06,0.000207172388768077,-0.00156786347968324
7.72,-0.0326590235281919,0.00729910046554159,-0.000143288944095173,2.64919796267998e-06,0.000207249854335067,-0.0015666731530199
7.74,-0.0325133266641589,0.00727058579551085,-0.000143229456635737,3.30267743765841e-06,0.000207333908521689,-0.00156535623182953
7.76,-0.0323681998457178,0.00724209587554362,-0.00014315708369556,3.93842399146567e-06,0.000207424357441791,-0.00156391622114067
7.78,-0.0322236425556808,0.00721363292511192,-0.000143072175674557,4.55684503891828e-06,0.000207521011728699,-0.00156235654513123
7.8,-0.0320796542330892,0.00718519910184183,-0.000142975074919191,5.15833893447401e-06,0.000207623686434162,-0.00156068054893076
7.82,-0.0319362342744358,0.00715679650294169,-0.000142866115901589,5.74329517122218e-06,0.000207732200929545,-0.00155889150038309
7.84,-0.031793382034859,0.00712842716659842,-0.000142745625394738,6.31209457557133e-06,0.000207846378809196,-0.00155699259176992
7.86,-0.03165109682931,0.00710009307334275,-0.000142613922643815,6.86510949771794e-06,0.000207966047795952,-0.00155498694149648
7.88,-0.0315093779336925,0.00707179614738396,-0.000142471319533768,7.40270399799026e-06,0.000208091039648738,-0.00155287759574036
7.9,-0.0313682245859759,0.00704353825791477,-0.000142318120753198,7.92523402916023e-06,0.000208221190072205,-0.00155066753006315
7.92,-0.031227635987283,0.00701532122038722,-0.000142154623954645,8.43304761478965e-06,0.000208356338628375,-0.00154835965098739
7.94,-0.0310876113029523,0.00698714679775999,-0.000141981119911346,8.92648502371666e-06,0.000208496328650229,-0.001545956797538
7.96,-0.0309481496635758,0.00695901670171782,-0.000141797892670538,9.40587894074597e-06,0.000208641007157221,-0.00154346174275017
7.98,-0.0308092501660123,0.0069309325938638,-0.000141605219703394,9.87155463363464e-06,0.000208790224772652,-0.00154087719514358
8,-0.0306709118743777,0.00690289608688489,-0.000141403372051651,1.03238301164459e-05,0.000208943835642881,-0.00153820580016446
8.02,-0.0305331338210118,0.0068749087456915,-0.000141192614471011,1.07630163093545e-05,0.000209101697358318,-0.00153545014159522
8.04,-0.0303959150074225,0.00684697208853151,-0.000140973205571382,1.11894171949675e-05,0.000209263670876169,-0.00153261274293331
8.06,-0.0302592544052085,0.00681908758807942,-0.000140745397954026,1.1603329971243e-05,0.000209429620444903,-0.00152969606873984
8.08,-0.0301231509569598,0.00679125667250114,-0.00014050943834569,1.20050452010857e-05,0.000209599413530369,-0.00152670252595755
8.1,-0.0299876035771377,0.0067634807264949,-0.000140265567729771,1.23948469586693e-05,0.000209772920743578,-0.00152363446520061
8.12,-0.0298526111529341,0.00673576109230896,-0.00014001402147459,1.27730129725789e-05,0.000209950015770061,-0.00152049418201506
8.14,-0.0297181725451099,0.0067080990707364,-0.000139755029458845,1.31398147658231e-05,0.000210130575300814,-0.00151728391811203
8.16,-0.0295842865888152,0.00668049592208782,-0.00013948881619428,1.34955177927964e-05,0.000210314478964755,-0.00151400586257316
8.18,-0.0294509520943891,0.00665295286714205,-0.00013921560094566,1.38403815732459e-05,0.000210501609262693,-0.00151066215302971
8.2,-0.0293181678481407,0.00662547108807572,-0.00013893559784809,1.41746598233166e-05,0.000210691851502757,-0.00150725487681527
8.22,-0.0291859326131127,0.00659805172937191,-0.000138649016021743,1.44986005837276e-05,0.000210885093737252,-0.00150378607209319
8.24,-0.0290542451298259,0.00657069589870844,-0.000138356059684061,1.48124463451486e-05,0.000211081226700923,-0.0015002577289589
8.26,-0.0289231041170069,0.00654340466782631,-0.000138056928259465,1.51164341708348e-05,0.000211280143750586,-0.00149667179051785
8.28,-0.0287925082722982,0.00651617907337855,-0.000137751816486654,1.54107958165754e-05,0.000211481740806099,-0.00149303015393965
8.3,-0.0286624562729516,0.00648902011776012,-0.00013744091452352,1.56957578480209e-05,0.000211685916292641,-0.00148933467148881
8.32,-0.0285329467765056,0.00646192876991917,-0.000137124408049753,1.59715417554402e-05,0.000211892571084278,-0.00148558715153239
8.34,-0.028403978421446,0.00643490596615,-0.000136802478367174,1.62383640659574e-05,0.000212101608448773,-0.00148178935952593
8.36,-0.0282755498278515,0.00640795261086836,-0.000136475302497844,1.64964364533417e-05,0.000212312933993631,-0.0014779430189767
8.38,-0.0281476595980234,0.00638106957736922,-0.000136143053280012,1.67459658453764e-05,0.000212526455613335,-0.00147404981238638
8.4,-0.0280203063171011,0.00635425770856755,-0.000135805899461932,1.6987154528883e-05,0.00021274208343776,-0.00147011138217242
8.42,-0.0278934885536618,0.0063275178177225,-0.000135464005793608,1.72202002524412e-05,0.000212959729781725,-0.00146612933156897
8.44,-0.0277672048603073,0.00630085068914519,-0.000135117533116505,1.7445296326851e-05,0.000213179309095673,-0.0014621052255078
8.46,-0.0276414537742354,0.00627425707889072,-0.000134766638451279,1.76626317233878e-05,0.000213400737917448,-0.00145804059148008
8.48,-0.0275162338177984,0.00624773771543447,-0.000134411475083561,1.78723911699091e-05,0.000213623934825134,-0.00145393692037852
8.5,-0.0273915434990485,0.00622129330033331,-0.000134052192647837,1.80747552448426e-05,0.000213848820390953,-0.00144979566732098
8.52,-0.0272673813122693,0.00619492450887187,-0.00013368893720948,1.826990046911e-05,0.00021407531713618,-0.0014456182524561
8.54,-0.0271437457384948,0.0061686319906942,-0.000133321851344955,1.84579993960358e-05,0.000214303349487066,-0.00144140606175053
8.56,-0.0270206352460165,0.00614241637042135,-0.000132951074220252,1.8639220699272e-05,0.000214532843731738,-0.00143716044775917
8.58,-0.0268980482908776,0.00611627824825487,-0.000132576741667579,1.88137292587965e-05,0.000214763727978058,-0.00143288273037804
8.6,-0.0267759833173554,0.00609021820056683,-0.000132198986260354,1.89816862450168e-05,0.000214995932112422,-0.0014285741975805
8.62,-0.0266544387584322,0.00606423678047648,-0.000131817937386536,1.91432492010246e-05,0.000215229387759469,-0.001424236106137
8.64,-0.0265334130362548,0.00603833451841391,-0.000131433721320329,1.92985721230375e-05,0.000215464028242692,-0.0014198696823191
8.66,-0.0264129045625827,0.00601251192267103,-0.000131046461292298,1.94478055390736e-05,0.000215699788545929,-0.00141547612258762
8.68,-0.0262929117392253,0.00598676947994005,-0.000130656277557923,1.95910965858916e-05,0.000215936605275696,-0.00141105659426554
8.7,-0.0261734329584692,0.00596110765583985,-0.00013026328746464,1.97285890842365e-05,0.000216174416624379,-0.00140661223619616
8.72,-0.0260544666034938,0.00593552689543046,-0.00012986760551739,1.98604236124311e-05,0.000216413162334229,-0.00140214415938626
8.74,-0.0259360110487779,0.00591002762371589,-0.000129469343442714,1.99867375783416e-05,0.000216652783662164,-0.00139765344763523
8.76,-0.0258180646604959,0.00588461024613564,-0.000129068610251425,2.0107665289759e-05,0.000216893223345359,-0.00139314115815027
8.78,-0.025700625796904,0.00585927514904502,-0.000128665512299889,2.02233380232328e-05,0.000217134425567594,-0.0013886083221475
8.8,-0.0255836928087175,0.00583402270018469,-0.000128260153349946,2.03338840913785e-05,0.000217376335926362,-0.00138405594544031
8.82,-0.0254672640394785,0.00580885324913952,-0.000127852634627499,2.04394289087101e-05,0.000217618901400695,-0.00137948500901406
8.84,-0.0253513378259142,0.00578376712778711,-0.000127443054879801,2.05400950560139e-05,0.000217862070319725,-0.00137489646958841
8.86,-0.0252359124982868,0.00575876465073606,-0.000127031510431473,2.06360023433075e-05,0.00021810579233193,-0.00137029126016692
8.88,-0.0251209863807351,0.00573384611575446,-0.000126618095239273,2.07272678714062e-05,0.000218350018375073,-0.00136567029057433
8.9,-0.0250065577916063,0.00570901180418852,-0.00012620290094565,2.08140060921298e-05,0.000218594700646812,-0.00136103444798223
8.92,-0.024892625043781,0.00568426198137177,-0.000125786016931107,2.08963288671829e-05,0.000218839792575959,-0.00135638459742281
8.94,-0.0247791864449889,0.00565959689702504,-0.000125367530365403,2.09743455257377e-05,0.000219085248794383,-0.00135172158229097
8.96,-0.0246662402981178,0.00563501678564722,-0.000124947526257613,2.10481629207364e-05,0.000219331025109547,-0.00134704622483573
8.98,-0.0245537849015136,0.00561052186689731,-0.000124526087505074,2.11178854839597e-05,0.00021957707847764,-0.00134235932664029
9,-0.0244418185492739,0.00558611234596764,-0.000124103294941248,2.11836152798733e-05,0.000219823366977328,-0.00133766166909165
9.02,-0.0243303395315332,0.00556178841394875,-0.000123679227382513,2.12454520582879e-05,0.000220069849784076,-0.00133295401383958
9.04,-0.0242193461347416,0.00553755024818584,-0.000123253961673924,2.13034933058531e-05,0.00022031648714505,-0.00132823710324553
9.06,-0.0241088366419364,0.00551339801262722,-0.00012282757273394,2.13578342964149e-05,0.000220563240354576,-0.00132351166082139
9.08,-0.0239988093330062,0.00548933185816481,-0.000122400133598172,2.14085681402583e-05,0.000220810071730149,-0.00131877839165865
9.1,-0.0238892624849493,0.0054653519229668,-0.000121971715462148,2.14557858322639e-05,0.000221056944588978,-0.00131403798284785
9.12,-0.0237801943721242,0.00544145833280286,-0.000121542387723125,2.14995762989977e-05,0.000221303823225049,-0.00130929110388873
9.14,-0.0236716032664951,0.00541765120136185,-0.000121112218020978,2.15400264447613e-05,0.000221550672886709,-0.00130453840709119
9.16,-0.0235634874378697,0.00539393063056235,-0.000120681272278173,2.15772211966193e-05,0.00022179745975474,-0.00129978052796752
9.18,-0.0234558451541325,0.00537029671085599,-0.000120249614738845,2.16112435484382e-05,0.000222044150920936,-0.00129501808561554
9.2,-0.02334867468147,0.00534674952152406,-0.000119817308007022,2.16421746039436e-05,0.000222290714367143,-0.00129025168309346
9.22,-0.0232419742845924,0.00532328913096709,-0.000119384413083977,2.1670093618828e-05,0.000222537118944782,-0.00128548190778641
9.24,-0.0231357422269475,0.00529991559698807,-0.000118950989404764,2.16950780419291e-05,0.000222783334354819,-0.00128070933176448
9.26,-0.0230299767709304,0.00527662896706896,-0.000118517094873929,2.17172035554917e-05,0.000223029331128188,-0.00127593451213313
9.28,-0.0229246761780868,0.00525342927864109,-0.000118082785900434,2.17365441145412e-05,0.000223275080606649,-0.00127115799137554
9.3,-0.0228198387093118,0.00523031655934917,-0.000117648117431797,2.17531719853847e-05,0.000223520554924079,-0.00126638029768756
9.32,-0.0227154626250427,0.00520729082730945,-0.00011721314298747,2.1767157783263e-05,0.00022376572698817,-0.0012616019453048
9.34,-0.0226115461854475,0.00518435209136178,-0.00011677791469148,2.17785705091612e-05,0.000224010570462552,-0.00125682343482286
9.36,-0.0225080876506074,0.00516150035131601,-0.00011634248330433,2.17874775858115e-05,0.000224255059749302,-0.00125204525351015
9.38,-0.0224050852806953,0.00513873559819273,-0.000115906898254203,2.17939448928958e-05,0.000224499169971851,-0.00124726787561372
9.4,-0.0223025373361492,0.0051160578144584,-0.000115471207667458,2.17980368014677e-05,0.000224742876958275,-0.00124249176265843
9.42,-0.0222004420778411,0.0050934669742552,-0.000115035458398454,2.17998162076137e-05,0.000224986157224953,-0.00123771736373917
9.44,-0.0220987977672411,0.00507096304362544,-0.0001145996960587,2.17993445653658e-05,0.0002252289879606,-0.00123294511580687
9.46,-0.021997602666577,0.00504854598073102,-0.000114163965045364,2.17966819188872e-05,0.000225471347010649,-0.00122817544394791
9.48,-0.0218968550389902,0.00502621573606759,-0.000113728308569137,2.17918869339455e-05,0.000225713212861985,-0.00122340876165724
9.5,-0.0217965531486869,0.00500397225267402,-0.000113292768681483,2.17850169286833e-05,0.000225954564628029,-0.00121864547110572
9.52,-0.0216966952610846,0.00498181546633681,-0.000112857386301273,2.17761279037146e-05,0.000226195382034139,-0.001213885963401
9.54,-0.0215972796429558,0.00495974530579002,-0.000112422201240829,2.17652745715468e-05,0.000226435645403359,-0.00120913061884298
9.56,-0.021498304562567,0.00493776169291038,-0.000111987252231386,2.17525103853529e-05,0.00022667533564247,-0.00120437980717339
9.58,-0.0213997682898135,0.004915864542908,-0.000111552576947982,2.17378875671083e-05,0.00022691443422836,-0.00119963388781974
9.6,-0.0213016690963515,0.00489405376451268,-0.000111118212033795,2.17214571350988e-05,0.000227152923194704,-0.00119489321013391
9.62,-0.0212040052557252,0.00487232926015585,-0.000110684193123938,2.17032689308216e-05,0.000227390785118936,-0.00119015811362541
9.64,-0.0211067750434917,0.00485069092614831,-0.000110250554868714,2.16833716452903e-05,0.000227628003109516,-0.0011854289281893
9.66,-0.0210099767373411,0.00482913865285393,-0.000109817330956361,2.16618128447535e-05,0.000227864560793482,-0.00118070597432914
9.68,-0.0209136086172141,0.00480767232485921,-0.000109384554135283,2.16386389958453e-05,0.000228100442304283,-0.00117598956337492
9.7,-0.0208176689654157,0.00478629182113896,-0.000108952256235784,2.16138954901775e-05,0.00022833563226988,-0.00117127999769596
9.72,-0.0207221560667259,0.00476499701521815,-0.000108520468191318,2.15876266683836e-05,0.000228570115801123,-0.00116657757090934
9.74,-0.0206270682085071,0.00474378777532996,-0.000108089220059261,2.1559875843633e-05,0.00022880387848038,-0.00116188256808336
9.76,-0.0205324036808084,0.00472266396457017,-0.000107658541041221,2.15306853246194e-05,0.000229036906350425,-0.00115719526593671
9.78,-0.0204381607764668,0.00470162544104793,-0.000107228459502893,2.15000964380447e-05,0.000229269185903578,-0.00115251593303291
9.8,-0.0203443377912055,0.00468067205803307,-0.000106799002993465,2.14681495505975e-05,0.000229500704071083,-0.00114784482997054
9.82,-0.0202509330237293,0.00465980366409992,-0.000106370198264598,2.14348840904454e-05,0.000229731448212732,-0.00114318220956932
9.84,-0.0201579447758169,0.0046390201032678,-0.000105942071288976,2.14003385682538e-05,0.000229961406106715,-0.00113852831705176
9.86,-0.020065371352411,0.00461832121513819,-0.000105514647278435,2.13645505977344e-05,0.000230190565939705,-0.00113388339022089
9.88,-0.0199732110617048,0.00459770683502876,-0.000105087950701701,2.1327556915737e-05,0.000230418916297159,-0.00112924765963406
9.9,-0.019881462215227,0.00457717679410417,-0.000104662005301715,2.12893934018985e-05,0.000230646446153844,-0.00112462134877265
9.92,-0.0197901231279229,0.00455673091950389,-0.000104236834112578,2.12500950978515e-05,0.000230873144864569,-0.00112000467420818
9.94,-0.0196991921182343,0.00453636903446695,-0.000103812459476115,2.12096962260092e-05,0.000231099002155135,-0.00111539784576458
9.96,-0.0196086675081757,0.00451609095845382,-0.000103388903058067,2.11682302079327e-05,0.000231324008113476,-0.00111080106667676
9.98,-0.0195185476234092,0.00449589650726536,-0.000102966185863921,2.11257296822876e-05,0.000231548153181014,-0.00110621453374583
10,-0.0194288307933162,0.00447578549315901,-0.000102544328254381,2.10822265224056e-05,0.000231548153181014,-0.00110621453374583
