time,position,positionVelocity,angle,angleVelocity,force,calculationTime
0,0.2,0,0.0872664625997165,0,2.1377477645874,0.004001
0.02,0.200404453533436,0.0404462192874297,0.086918155788597,-0.0348492745827009,2.12244963645935,0.002839
0.04,0.20161493464288,0.0806044838890821,0.0858754628703217,-0.0694757051479415,2.08666658401489,0.002568
0.06,0.20362179238124,0.120085581869699,0.0841465945554897,-0.103503426419935,2.01938915252686,0.003767
0.08,0.206405442120808,0.158285324325403,0.081750529905686,-0.136230851919304,1.91710698604584,0.004012
0.1,0.209933526042336,0.194530538332532,0.078721390234448,-0.166844499136344,1.78164625167847,0.002764
0.12,0.214160571499177,0.228182872737262,0.0751091746193977,-0.194569212147499,1.64420080184937,0.002459
0.14,0.219034413322382,0.259211419185377,0.0709704710644316,-0.219520961529984,1.48782348632812,0.003065
0.16,0.224498953422291,0.28725378546217,0.0663646817387128,-0.241302199902531,1.29832994937897,0.003171
0.18,0.230488068625936,0.311669824970898,0.0613635116851304,-0.259079530740896,1.09590840339661,0.002668
0.2,0.236926758470566,0.332211939938582,0.0560496930666656,-0.27258312948095,0.91108500957489,0.00258
0.22,0.243741013244137,0.349226825069613,0.0505027028261,-0.282408609731044,0.763428568840027,0.002765
0.24,0.250867564989629,0.363442010393803,0.0447846145693654,-0.289701664291624,0.602310836315155,0.002721
0.26,0.258247812267942,0.374596624259726,0.0389495570429174,-0.294111426922751,0.43669655919075,0.003741
0.28,0.265819677341017,0.382603902024607,0.0330562315408994,-0.295531299685118,0.264187216758728,0.003144
0.3,0.273518871184117,0.38732947361994,0.0271663573525652,-0.29376593161971,0.0864578038454056,0.002613
0.32,0.281278735745943,0.38867079935883,0.0213452653560777,-0.288649336402547,-0.081850990653038,0.002668
0.34,0.289033410113029,0.386810136289489,0.0156575243368209,-0.280423763592678,-0.231520652770996,0.002333
0.36,0.29672246912511,0.382108818764954,0.0101603507146199,-0.269582580360718,-0.361994206905365,0.002456
0.38,0.304292816001156,0.374938370601311,0.00490109439778494,-0.256619570666802,-0.461817234754562,0.003855
0.4,0.311701013688927,0.365893268986023,-8.59899735660306e-05,-0.242351147656144,-0.5528205037117,0.003099
0.42,0.318911250967686,0.355141640245955,-0.00477649484171674,-0.226946104663126,-0.633758902549744,0.002549
0.44,0.325891318787125,0.342875582630624,-0.00914968056835931,-0.21060262453048,-0.681920886039734,0.002389
0.46,0.332617278838699,0.329730095249637,-0.0131953603149363,-0.194178345704752,-0.734662473201752,0.002607
0.48,0.33907060276093,0.315611189290069,-0.0169095462963124,-0.177435865842755,-0.77045202255249,0.002808
0.5,0.345235082827629,0.300844919802272,-0.0202897888256136,-0.160766469962729,-0.788140058517456,0.004152
0.52,0.351101256455413,0.285779765461475,-0.0233417991639304,-0.144595395991165,-0.796635806560516,0.002924
0.54,0.35666489321346,0.270590477941208,-0.0260772102797234,-0.129089893688751,-0.803037941455841,0.002553
0.56,0.361923874264478,0.255313469023202,-0.0285089612213429,-0.114213395563252,-0.803649425506592,0.002633
0.58,0.36687753207407,0.24005745838497,-0.0306503812221417,-0.100041508870579,-0.800288617610931,0.002622
0.6,0.371527020592752,0.224895877826187,-0.0325158224044877,-0.0866009721456761,-0.793768763542175,0.003901
0.62,0.375874805750546,0.20988649471559,-0.0341199790600845,-0.0738992840766818,-0.776560246944427,0.003097
0.64,0.379925980014694,0.195234201110201,-0.0354799451413393,-0.0621690378447611,-0.757730841636658,0.002488
0.66,0.38368796709578,0.180967234955447,-0.0366148713945327,-0.0513834329057184,-0.737663507461548,0.002381
0.68,0.387168683475013,0.167106634116989,-0.0375433204554237,-0.0415104287837753,-0.719465017318726,0.002336
0.7,0.39037586288474,0.15361308243453,-0.0382823631796975,-0.0324328105208163,-0.700449705123901,0.002735
0.72,0.393316979096256,0.140499896283458,-0.0388475635902571,-0.0241170299902439,-0.68051153421402,0.004508
0.74,0.3959997951208,0.127782681881767,-0.0392538943727134,-0.0165374706212726,-0.659917950630188,0.004545
0.76,0.39843233606073,0.11547204082409,-0.0395157845425269,-0.00966535344181732,-0.639246761798859,0.003596
0.78,0.400622728382609,0.103567506247202,-0.039646963617693,-0.00345947082678015,-0.621151983737946,0.003474
0.8,0.402578573352873,0.0920170212378938,-0.0396596031303686,0.00219485035996962,-0.602458834648132,0.004273
0.82,0.404307052176197,0.0808306332933752,-0.0395645461800919,0.0073158505801539,-0.583422541618347,0.003982
0.84,0.405815498764954,0.0700135646909541,-0.0393722303711958,0.0119258603622308,-0.564256072044373,0.002888
0.86,0.407111311416046,0.0595670304373532,-0.0390926169980918,0.0160502054083932,-0.544945299625397,0.002388
0.88,0.408201916899776,0.0494926617103468,-0.0387351960034439,0.0197107201739834,-0.525630116462708,0.002222
0.9,0.409094748666938,0.0397894942813987,-0.0383090093117942,0.0229303957791848,-0.506434321403503,0.003067
0.92,0.409797198013142,0.030454275715032,-0.0378226309500938,0.0257330556728993,-0.486401915550232,0.004616
0.94,0.410316778922913,0.0215025269269991,-0.0372844648383306,0.0281118961036669,-0.466440677642822,0.003873
0.96,0.410661139902233,0.0129321788679024,-0.0367028121036064,0.0300840057495758,-0.447116851806641,0.003664
0.98,0.410837778774596,0.00473023115709883,-0.0360854923055788,0.0316804782417723,-0.428496450185776,0.003923
1,0.410853921569474,-0.00311749672046363,-0.0354397078716379,0.0329319658058378,-0.40918630361557,0.004555
1.02,0.410716783533177,-0.0105979029866993,-0.0347724779718673,0.03382615151858,-0.389218479394913,0.003868
1.04,0.410433836712386,-0.0176984087718547,-0.03409108118775,0.0343493976004593,-0.370476007461548,0.003712
1.06,0.410012438387165,-0.0244430702665328,-0.0334025410936475,0.0345408563040677,-0.352998703718185,0.003889
1.08,0.409459457911692,-0.0308566257245994,-0.032713107893697,0.0344387531828977,-0.336806297302246,0.004519
1.1,0.408781266881657,-0.036964114540423,-0.0320282804056159,0.0340800409229759,-0.321901470422745,0.003696
1.12,0.407983736330797,-0.042790555244251,-0.0313528341577931,0.0335001338659939,-0.308271646499634,0.002528
1.14,0.40707224002316,-0.0483606579233477,-0.0306908543692236,0.0327326849499897,-0.295891463756561,0.002521
1.16,0.40605166301943,-0.0536985843858515,-0.0300457727773448,0.0318094237806564,-0.284723699092865,0.002388
1.18,0.404926414865274,-0.0588277257879193,-0.029420407555121,0.0307600094766869,-0.274722069501877,0.003822
1.2,0.403700446686494,-0.0637705343217059,-0.0288170054814122,0.0296119523809441,-0.265832453966141,0.003083
1.22,0.402377271418161,-0.0685483781255084,-0.0282372854549076,0.0283905579249503,-0.257993817329407,0.002478
1.24,0.400959986761596,-0.0731814135875744,-0.027682482999288,0.0271188835914296,-0.251141250133514,0.002297
1.26,0.399451300108555,-0.0776885163210785,-0.0271533948809329,0.0258177706932637,-0.245205998420715,0.002324
1.28,0.397853554846448,-0.0820872120878354,-0.0266504232224767,0.0245058630371703,-0.240102678537369,0.002342
1.3,0.396168760545985,-0.0863933576225548,-0.0261736231243098,0.0231992372807855,-0.235761031508446,0.003831
1.32,0.394398623343619,-0.0906214403338726,-0.0257227485418893,0.0219119470891442,-0.232128113508224,0.002886
1.34,0.392544569908548,-0.0947849201748475,-0.0252972867714578,0.0206566187365588,-0.229132473468781,0.002477
1.36,0.390607771566269,-0.098895872119233,-0.0248964916057688,0.0194439885719087,-0.226703137159348,0.002392
1.38,0.388589171873629,-0.102964998527159,-0.0245194202976926,0.0182829845661315,-0.225266665220261,0.002392
1.4,0.386489416965524,-0.107011339969648,-0.0241648235002535,0.0171953548768999,-0.224791675806046,0.002868
1.42,0.384308778088077,-0.11105334578061,-0.0238310216790234,0.0162023927173569,-0.22451788187027,0.005043
1.44,0.382047305586932,-0.115094657168452,-0.0235161262454715,0.0153037212539821,-0.224589973688126,0.004169
1.46,0.379704948481086,-0.119141765688726,-0.0232182078348447,0.0145037970933671,-0.225367903709412,0.003525
1.48,0.377281455443041,-0.123208214917972,-0.0229351363881985,0.0138182436177681,-0.225706666707993,0.002365
1.5,0.374776527368246,-0.127285238942047,-0.0226647975206646,0.0132298691842708,-0.226051181554794,0.004879
1.52,0.37218995337077,-0.131372781320835,-0.0224052841192329,0.0127351273577553,-0.226354718208313,0.003867
1.54,0.369521532541527,-0.135469900622791,-0.0221547677337844,0.0123296941459142,-0.226575806736946,0.002626
1.56,0.366771090633752,-0.139574871825148,-0.0219115128532545,0.0120085947460558,-0.226679801940918,0.002549
1.58,0.363938494417124,-0.143685318057886,-0.0216738882311534,0.0117663720177465,-0.226636976003647,0.002315
1.6,0.361023663770621,-0.147798304991481,-0.0214403754321822,0.0115971960468332,-0.226423114538193,0.004357
1.62,0.358026581772452,-0.151910446748253,-0.0212095750377165,0.0114949888176956,-0.226008236408234,0.004468
1.64,0.354947304873544,-0.15601779163273,-0.020980213677194,0.0114532169071175,-0.226134389638901,0.003114
1.66,0.351785823591967,-0.160130884845801,-0.0207509275219269,0.0114874643219512,-0.226539313793182,0.002676
1.68,0.348541968503921,-0.164255175945214,-0.0205201132071913,0.011606113260291,-0.226532205939293,0.003266
1.7,0.345215595747795,-0.168382659082254,-0.020286196728346,0.011797843961617,-0.226112276315689,0.005121
1.72,0.341806721518238,-0.172505333948881,-0.0200478259776706,0.0120517748176709,-0.225283369421959,0.003835
1.74,0.338315521082506,-0.176615293084507,-0.0198038613159432,0.0123575294058328,-0.224054485559464,0.002908
1.76,0.334742325947493,-0.180704819504291,-0.0195533646194808,0.0127053219899886,-0.222437560558319,0.002785
1.78,0.331087619505765,-0.18476644117254,-0.0192955872307988,0.0130859817154789,-0.220448076725006,0.004146
1.8,0.327352031471174,-0.188792997573971,-0.0190299572079364,0.0134909985846676,-0.218104287981987,0.004127
1.82,0.323536331132357,-0.192777691354825,-0.0187560658398764,0.0139125509105789,-0.215425863862038,0.002694
1.84,0.319641419836047,-0.196714113701818,-0.0184736539667175,0.0143434973984181,-0.212435245513916,0.00242
1.86,0.315668322696251,-0.200596296376409,-0.0181825980181516,0.0147774132483633,-0.209154710173607,0.002959
1.88,0.311618179833502,-0.204418706673675,-0.0178828961444714,0.0152085447949332,-0.205608040094376,0.004029
1.9,0.307492237387327,-0.208176275139988,-0.0175746547233,0.0156318172756784,-0.201819330453873,0.004943
1.92,0.303291838205036,-0.211864400224332,-0.0172580750171716,0.0160428119693889,-0.19781294465065,0.002943
1.94,0.299018412444296,-0.215478952245763,-0.0169334402597665,0.0164377461698912,-0.19363559782505,0.003033
1.96,0.294673463785486,-0.219016708463763,-0.0166010966364745,0.0168141041011068,-0.1893530189991,0.003757
1.98,0.290258547590584,-0.222475723382058,-0.0162614225503993,0.0171711780741983,-0.185347408056259,0.004878
2,0.285775183609663,-0.225861503920451,-0.0159146998632314,0.017519335007192,-0.181950807571411,0.004286
2.02,0.28122471669478,-0.229186033688504,-0.0155609065481483,0.0178786128305345,-0.178694933652878,0.004048
2.04,0.276608343377253,-0.232452161780532,-0.01519975643723,0.018255401613575,-0.17548368871212,0.003728
2.06,0.271927221910345,-0.235660867147763,-0.0148308626597705,0.0186533868623854,-0.171917364001274,0.004364
2.08,0.267182568902749,-0.238805335193979,-0.0144538803707939,0.0190646782788123,-0.168014228343964,0.004011
2.1,0.262375733648622,-0.241879111606318,-0.0140686162615264,0.0194820045673688,-0.163429692387581,0.003491
2.12,0.257508261746207,-0.244869019699881,-0.0136751228910254,0.0198880372970758,-0.158159583806992,0.003467
2.14,0.252581963166084,-0.247761798092591,-0.0132738011430446,0.020265254101781,-0.152724891901016,0.004239
2.16,0.247598811522312,-0.250554343344099,-0.0128652514369247,0.0206112133004707,-0.147151470184326,0.004026
2.18,0.242560837541598,-0.253244047526657,-0.0124501174031727,0.0209240331855049,-0.141465276479721,0.003673
2.2,0.237470119138332,-0.255828799723139,-0.0120290747777922,0.0212023832273037,-0.136380970478058,0.003393
2.22,0.232328637094114,-0.258320424564171,-0.0116026188071898,0.0214656524242437,-0.132149338722229,0.003992
2.24,0.227138086814812,-0.260735636093381,-0.0111707846758768,0.0217404821773238,-0.127699211239815,0.00441
2.26,0.221900038418948,-0.263070249522398,-0.0107333879425693,0.0220222052039381,-0.122993111610413,0.003729
2.28,0.216616153011585,-0.265319350737192,-0.010290348002179,0.0223050997036338,-0.118051171302795,0.003438
2.3,0.211288186045881,-0.267478418783357,-0.00984169265760685,0.0225840409749413,-0.112894251942635,0.003796
2.32,0.205917979332379,-0.269543338645543,-0.00938754629341781,0.0228544904722186,-0.107810407876968,0.004123
2.34,0.200507400796791,-0.271515613807129,-0.00892804020500968,0.0231202952980628,-0.102777518332005,0.004118
2.36,0.195058292626629,-0.273396314772072,-0.00846323555603067,0.0233846252145933,-0.0975176990032196,0.003447
2.38,0.189572529828023,-0.275181089130482,-0.00799321161219784,0.0236424992980655,-0.0920529812574387,0.003541
2.4,0.184052070172565,-0.276866012522745,-0.00751814116178728,0.0238895412967732,-0.086404025554657,0.004473
2.42,0.17849894591662,-0.278447560634653,-0.00703827910592759,0.0241219118579735,-0.0805930644273758,0.003243
2.44,0.172915255504915,-0.279922638774354,-0.00655395150798432,0.0243363303677031,-0.0746410489082336,0.002431
2.46,0.167303155237803,-0.281288555926327,-0.00606554500672813,0.0245300167133943,-0.0685688406229019,0.002427
2.48,0.161664851223378,-0.282543022210758,-0.00557349701298955,0.0247006711313573,-0.058967974036932,0.002425
2.5,0.156003260521219,-0.283617229852928,-0.00507929046927158,0.0247459852085622,-0.0488825440406799,0.003743
2.52,0.15032208266787,-0.284501736160427,-0.00458556991735281,0.024652046329086,-0.0394566431641579,0.003765
2.54,0.144624983201108,-0.285209383819369,-0.00409493176278249,0.0244375832657868,-0.0306853801012039,0.00273
2.56,0.138915372113673,-0.285752885520611,-0.00360960706678863,0.024120420897931,-0.024168835952878,0.002657
2.58,0.133196093225338,-0.28617614782763,-0.00313100849831337,0.023764616620356,-0.0162444971501827,0.002642
2.6,0.127469827027513,-0.28645159750098,-0.00266034319862811,0.023326676635556,-0.00871938467025757,0.002536
2.62,0.121739453089343,-0.286586899181979,-0.0021991637508218,0.022815532374604,-0.00186607241630554,0.004343
2.64,0.116007644714165,-0.286595015416801,-0.0017487690012811,0.0222476394212673,0.00434472179040313,0.00282
2.66,0.110276821838659,-0.286488321081555,-0.00131014101180945,0.0216382373138523,0.0103420447558165,0.003033
2.68,0.104549240747661,-0.286270806906306,-0.000884085472242205,0.020989732992798,0.0165811218321323,0.00345
2.7,0.0988271668522973,-0.28593756932243,-0.000471495732194865,0.0202909489328826,0.0200434420257807,0.003878
2.72,0.0931123747750347,-0.285542592334313,-7.26078152387214e-05,0.0196188298008572,0.0226817075163126,0.004135
2.74,0.0874059404472376,-0.28510176336291,0.000313310199429103,0.0189932763169867,0.0252085663378239,0.002545
2.76,0.0817087609861096,-0.284617076863067,0.000687182286561574,0.0184136032709451,0.0276512615382671,0.002181
2.78,0.0760216988037901,-0.284090008841608,0.00104991364125976,0.0178786169204417,0.0290076266974211,0.00257
2.8,0.0703453911119272,-0.283541603991292,0.00140268188712609,0.017416768172361,0.0303040258586407,0.002303
2.82,0.0646802543055291,-0.282972899936737,0.00174693742449695,0.0170268981629636,0.0323995165526867,0.00325
2.84,0.0590268514470969,-0.28236819165917,0.00208386046731933,0.0166831329193331,0.034327931702137,0.004251
2.86,0.0533858710277803,-0.281730640758132,0.00241439986051493,0.0163881973203787,0.0363861918449402,0.002648
2.88,0.0477579961057831,-0.281057628858856,0.00273947505011825,0.0161364250578808,0.0385733172297478,0.002347
2.9,0.04214396178912,-0.280346569091383,0.00305989522633233,0.0159224510562848,0.0408851765096188,0.002333
2.92,0.0365445540060809,-0.279594966050386,0.00337636592939655,0.0157412699415854,0.0433172471821308,0.002385
2.94,0.030960607614136,-0.278800421992013,0.00368949603855304,0.0155882159025341,0.0458637103438377,0.003274
2.96,0.0253930042072831,-0.277960660792674,0.00399980464495889,0.0154589712178956,0.0485172495245934,0.003345
2.98,0.0198426694039721,-0.277073555933096,0.0043077281759215,0.0153495828747223,0.0512606352567673,0.002629
3,0.0143105679322193,-0.276137322802003,0.00461363033865267,0.0152567280500939,0.0534554049372673,0.00238
3.02,0.00879757558091805,-0.275162640212374,0.00491799642536613,0.0151958944480837,0.0550825446844101,0.002376
3.04,0.00330435076820394,-0.274160567185345,0.00522162890724266,0.0151833289477742,0.0570518188178539,0.003792
3.06,-0.00216849187780519,-0.273124423850284,0.00552539165900108,0.0152089282775689,0.0593305006623268,0.004741
3.08,-0.0076202106318293,-0.272048179907299,0.00582995858850952,0.0152637890287869,0.0618872232735157,0.004137
3.1,-0.0130499493714074,-0.270926425538946,0.00613583666141613,0.0153401116043176,0.0649200081825256,0.003926
3.12,-0.018456705203447,-0.269749892991798,0.00644332030169194,0.015424430257091,0.0684653595089912,0.003669
3.14,-0.0238392827862739,-0.268508604493326,0.00675242457618112,0.015502260325484,0.0722474232316017,0.00422
3.16,-0.0291963410381164,-0.267197963305463,0.00706295538070873,0.0155671583567717,0.0757444947957993,0.003719
3.18,-0.0345265487077668,-0.265823549276637,0.00737474176433081,0.0156278843295812,0.078879326581955,0.003517
3.2,-0.0398287011979549,-0.264392448424028,0.00768781024007027,0.0156954350483576,0.0821788460016251,0.003109
3.22,-0.0451016328276594,-0.2629014665146,0.00800225327299837,0.0157654123994943,0.0864208117127419,0.0032
3.24,-0.0503439622778331,-0.261332233226809,0.00831784781814471,0.0158106469177181,0.0918508172035217,0.003649
3.26,-0.0555538928431655,-0.259661578782531,0.00863375425252065,0.0157966178356307,0.0969744399189949,0.002366
3.28,-0.0607294558731307,-0.257895477821006,0.00894887676753013,0.0157322138323843,0.102145344018936,0.002196
3.3,-0.065868733051503,-0.256032989303779,0.00926219049427854,0.0156156439425088,0.107252508401871,0.002188
3.32,-0.0709698087558584,-0.254075323633349,0.00957266398138248,0.0154480405319342,0.111986838281155,0.002155
3.34,-0.076030851737834,-0.252029708075063,0.00987937570195012,0.0152392694560653,0.116381391882896,0.002472
3.36,-0.0810501687209095,-0.249902712990118,0.0101815890634689,0.014997968028051,0.120356485247612,0.004193
3.38,-0.0860262132867818,-0.247702454302482,0.0104787614080444,0.0147349025969701,0.124261379241943,0.003693
3.4,-0.0909575331175878,-0.245430226400249,0.0107704616469514,0.0144504696128738,0.127887666225433,0.0023
3.42,-0.0958427423877435,-0.243091384284089,0.0110563262929869,0.0141510363270283,0.131263703107834,0.002359
3.44,-0.100680556792318,-0.240690725301088,0.0113361098861372,0.0138420444179657,0.134416595101357,0.002735
3.46,-0.105469782654267,-0.23823251513234,0.0116096672018675,0.0135280810298369,0.137372210621834,0.003287
3.48,-0.110209306546014,-0.23572051324455,0.0118769368211472,0.0132129439792611,0.140153825283051,0.002997
3.5,-0.114898085682379,-0.233158024575381,0.0121379263511729,0.0128997417050533,0.142783552408218,0.002538
3.52,-0.119535139066042,-0.230547923106745,0.012392699181653,0.012590946955457,0.145281240344048,0.002384
3.54,-0.124119539317791,-0.227892696772744,0.0126413625970326,0.0122884787662357,0.147665038704872,0.002369
3.56,-0.128650405292814,-0.225194481159271,0.0128840573266645,0.0119937643528263,0.149951219558716,0.002599
3.58,-0.133126895404431,-0.222455096551628,0.0131209483534853,0.0117078031349759,0.151498541235924,0.003093
3.6,-0.137548329619469,-0.219688878510949,0.0133524089507437,0.0114504356611282,0.152852609753609,0.00355
3.62,-0.141914208226149,-0.21689952418847,0.013579051039026,0.0112256986932282,0.153869554400444,0.002517
3.64,-0.146224133620278,-0.214093547489395,0.0138016114164252,0.0110420497857219,0.155088901519775,0.002497
3.66,-0.150477733313756,-0.21126694615265,0.0140208405593097,0.0108923999504859,0.156493708491325,0.002373
3.68,-0.154674558180195,-0.208416058288242,0.0142373543459485,0.0107703712828503,0.158066362142563,0.002689
3.7,-0.158814089374535,-0.205537573630735,0.0144516480644819,0.010670276328813,0.159819737076759,0.00471
3.72,-0.162895739399931,-0.202627936989513,0.0146641009288218,0.0105861890124446,0.163443028926849,0.004033
3.74,-0.166918520098864,-0.199650636030053,0.0148744801073935,0.0104627987169804,0.167247071862221,0.002854
3.76,-0.170881042581212,-0.196602108353556,0.0150819392504128,0.0102940318955904,0.170644849538803,0.002795
3.78,-0.174781961123639,-0.193490233148963,0.0152856796153397,0.0100907253029861,0.173524037003517,0.003003
3.8,-0.178620109399668,-0.190325071504042,0.0154851497880346,0.00986678803426372,0.176201522350311,0.004852
3.82,-0.182394460405633,-0.187110495053601,0.0156799823025837,0.00962671550724703,0.178694292902946,0.003561
3.84,-0.186104061207411,-0.18385003931754,0.0158698935613141,0.00937440354182508,0.181031301617622,0.003266
3.86,-0.189748023894792,-0.180546671331598,0.0160546685916048,0.00911282243529328,0.183753296732903,0.002793
3.88,-0.19332541435661,-0.177192803728262,0.0162339928825515,0.00882904284303221,0.187601119279861,0.003829
3.9,-0.196835002120283,-0.173766386595642,0.0164070751599197,0.00848829271390881,0.190891340374947,0.004828
3.92,-0.200275444047702,-0.170278202794933,0.0165729183752542,0.00810475579041208,0.193681344389915,0.002883
3.94,-0.203645601331155,-0.166737903136359,0.016730789501931,0.00769066440821822,0.196750849485397,0.002773
3.96,-0.206944375943049,-0.163139914858195,0.0168799698080134,0.00723521647799418,0.199360176920891,0.002946
3.98,-0.210170702616844,-0.159493086820377,0.0170197385933217,0.00674901713687693,0.201482743024826,0.004389
4,-0.213323698156902,-0.155806777774465,0.0171495929899373,0.00624325593633665,0.203175261616707,0.004396
4.02,-0.21640265541475,-0.15208923417754,0.0172692359621176,0.00572733737644359,0.204489544034004,0.003037
4.04,-0.219407022027638,-0.148347688557403,0.0173785426532602,0.00520908393403094,0.206321999430656,0.002903
4.06,-0.222336215361375,-0.144571880989782,0.0174772819696691,0.00467004385784219,0.207824572920799,0.002659
4.08,-0.225189613008901,-0.140768093818909,0.0175651009635958,0.00411647705781584,0.208944469690323,0.004472
4.1,-0.227966728466868,-0.136943635405597,0.0176417863595167,0.00355609819592671,0.209682509303093,0.003494
4.12,-0.230667221215929,-0.133105796156488,0.0177072784233308,0.00299655483341008,0.210068583488464,0.002802
4.14,-0.233290890710948,-0.12926128343116,0.017761661591993,0.00244462410317434,0.210468158125877,0.002759
4.16,-0.235837599261224,-0.125409675383244,0.0178050492513418,0.00189642529285985,0.211407512426376,0.002444
4.18,-0.238307098061772,-0.121540281878184,0.0178373233633693,0.00133268456246424,0.211877509951591,0.003892
4.2,-0.240699121376721,-0.117662099742847,0.0178582750937298,0.000763591319394918,0.211741775274277,0.003225
4.22,-0.243013609996646,-0.113786785377425,0.0178679388793385,0.00020329608318047,0.211237654089928,0.002807
4.24,-0.245250691546658,-0.109921366346838,0.0178665630829191,-0.000340947821583596,0.21045446395874,0.002633
4.26,-0.247410616817715,-0.106071131958194,0.0178545159198259,-0.000864402147043348,0.209432125091553,0.002347
4.28,-0.249493734654906,-0.10224059851905,0.0178322499448423,-0.00136336675871727,0.208207845687866,0.003251
4.3,-0.251500477037752,-0.0984335633198288,0.0178002823284642,-0.00183507681868637,0.206815093755722,0.003852
4.32,-0.253431345438051,-0.0946531784104782,0.0177591774304103,-0.00227757575871491,0.205284118652344,0.002874
4.34,-0.255286898549102,-0.0909020139680057,0.0177095317085979,-0.00268960863774684,0.203642308712006,0.002389
4.36,-0.257067741210435,-0.0871821144839858,0.0176519606108354,-0.00307053040825725,0.201951086521149,0.002255
4.38,-0.258774507255325,-0.0834943348337478,0.0175870764593426,-0.0034212988407552,0.200514286756516,0.002507
4.4,-0.260407788415923,-0.0798336097753947,0.0175153853760543,-0.0037515817794693,0.199404001235962,0.00368
4.42,-0.261968061116017,-0.0761934732046154,0.0174371804130024,-0.00407302958278527,0.198138296604156,0.003563
4.44,-0.263455766525242,-0.0725768655928342,0.0173526633982101,-0.00438311909768871,0.196737885475159,0.002463
4.46,-0.264871400612526,-0.0689863265053899,0.0172620812490359,-0.00467986217071954,0.195222169160843,0.002601
4.48,-0.266215506389786,-0.065424020759546,0.017165715787196,-0.00496175468270646,0.193608045578003,0.002304
4.5,-0.267488666909989,-0.0618917877050441,0.0170638748910304,-0.00522769371926145,0.191911071538925,0.002335
4.52,-0.268691499022829,-0.0583911677095141,0.0169568849378599,-0.0054769313232396,0.190144956111908,0.003563
4.54,-0.269824647757944,-0.0549234384281416,0.0168450842967414,-0.00570901564725068,0.188322097063065,0.003056
4.56,-0.270888781327968,-0.0514896405206676,0.0167288178218006,-0.00592374969066036,0.186452984809875,0.002452
4.58,-0.271884586761472,-0.0480906149260286,0.0166084323288233,-0.00612113418499825,0.184547990560532,0.002322
4.6,-0.272812765931903,-0.0447270051879564,0.0164842726775116,-0.00630136411024062,0.1826151907444,0.002272
4.62,-0.273674032056974,-0.0413993021771666,0.0163566785481034,-0.00646476270551547,0.180662482976913,0.002416
4.64,-0.274469106679231,-0.0381078474875256,0.0162259819094593,-0.00661177827542199,0.178696230053902,0.003301
4.66,-0.275198716978765,-0.0348528632563713,0.016092504940124,-0.00674294206230099,0.176722675561905,0.003556
4.68,-0.275863593405857,-0.0316344543379577,0.0159565583717888,-0.00685886811164485,0.174746826291084,0.002585
4.7,-0.276464467574922,-0.0284526322608868,0.0158184401574433,-0.00696022092075359,0.172772690653801,0.00257
4.72,-0.277002070590923,-0.0253073345187939,0.0156784347132259,-0.00704769038989686,0.170804411172867,0.002768
4.74,-0.277477131540531,-0.0221984217552622,0.0155368123278022,-0.00712200010965786,0.168845489621162,0.003094
4.76,-0.277890376078092,-0.0191256900591205,0.0153938286308329,-0.00718389316138005,0.166898369789124,0.004846
4.78,-0.278242525338849,-0.016088891395748,0.0152497244662235,-0.00723410581745187,0.164965659379959,0.003884
4.8,-0.278534295022372,-0.013087730197212,0.0151047259337555,-0.00727337699376913,0.163049250841141,0.002888
4.82,-0.278766394579335,-0.0101218771071041,0.0149590444990232,-0.00730243196334651,0.161150708794594,0.002941
4.84,-0.278939526597632,-0.00719097516929272,0.0148128773163505,-0.00732197733331317,0.159271597862244,0.003966
4.86,-0.279054386248341,-0.00429463962509601,0.0146664075573092,-0.00733270550761214,0.157412961125374,0.004845
4.88,-0.279111660829451,-0.00143246789151184,0.0145198048036342,-0.00733528378112161,0.155575588345528,0.003106
4.9,-0.279112029456873,0.00139595568719721,0.0143732255811942,-0.007330351132633,0.153760135173798,0.002838
4.92,-0.279056162827311,0.00419105740594723,0.0142268139249529,-0.00731851833117216,0.151967287063599,0.00344
4.94,-0.278944722997898,0.00695327495565377,0.0140807018955919,-0.00730037266601626,0.150197058916092,0.004784
4.96,-0.27877836328742,0.00968304450707249,0.0139350102081326,-0.00727646201095769,0.148449897766113,0.003711
4.98,-0.278557728220812,0.0123808093003695,0.0137898488587234,-0.00724731094352104,0.146726012229919,0.00301
5,-0.278283453432771,0.0150470151433141,0.0136453176270232,-0.00721341707273446,0.145489290356636,0.002766
5.02,-0.277956075138907,0.0176911584856498,0.0135013708158361,-0.00718883812784866,0.144218519330025,0.003887
5.04,-0.277576041308095,0.0203125678585382,0.0133578337468703,-0.00717242127763182,0.142884165048599,0.004743
5.06,-0.277143819077522,0.022909997825521,0.0132145629190943,-0.00716219998689351,0.141494765877724,0.002975
5.08,-0.276659898808342,0.0254823713388082,0.0130714512505241,-0.00715649696977964,0.140058413147926,0.00279
5.1,-0.276124790810085,0.0280287705350723,0.0129284225329994,-0.00715390050525986,0.138581097126007,0.002751
5.12,-0.27553902257111,0.030548395331762,0.0127854268279577,-0.00715319397229463,0.137070208787918,0.004522
5.14,-0.274903136133259,0.0330405904107006,0.0126424362331067,-0.0071533892054086,0.135530605912209,0.00474
5.16,-0.274217685693798,0.0355047955035032,0.0124994411198023,-0.00715364604376418,0.133967250585556,0.002808
5.18,-0.273483235686557,0.0379405471860178,0.0123564471969758,-0.00715327008358799,0.132385358214378,0.002708
5.2,-0.272700358797667,0.0403474836223144,0.0122134725671596,-0.0071517157164633,0.130788207054138,0.003124
5.22,-0.271869634313425,0.0427253066078758,0.012070545353783,-0.00714852593382948,0.129179507493973,0.004631
5.24,-0.270991646764695,0.0450737898709311,0.011927701832404,-0.00714334210244044,0.127562761306763,0.003935
5.26,-0.270066984530037,0.0473927748988216,0.0117849845479453,-0.00713589558921141,0.125940591096878,0.003052
5.28,-0.269096238652885,0.0496821537054312,0.0116424407900131,-0.0071259803092288,0.124315679073334,0.002837
5.3,-0.268080001820004,0.0519418699351998,0.0115001213381365,-0.00711345317149582,0.122690364718437,0.003805
5.32,-0.267018867396201,0.0541719121343563,0.0113580793119298,-0.00709822313536347,0.121066778898239,0.004717
5.34,-0.265913428567271,0.0563723096540303,0.0112163691974583,-0.007080244524515,0.119446620345116,0.002899
5.36,-0.264764277608383,0.0585431242047851,0.0110750460698406,-0.00705950407891196,0.117831416428089,0.002903
5.38,-0.263572005270374,0.0606844465089619,0.0109341649962751,-0.00703601585107695,0.115985490381718,0.002687
5.4,-0.262337246484486,0.0627917676389794,0.0107938499465805,-0.00700287190265186,0.113627970218658,0.004153
5.42,-0.261060781190738,0.06485509511598,0.0106544458305839,-0.00694487454835032,0.111449353396893,0.004574
5.44,-0.25974345450789,0.0668779032985739,0.0105164007310516,-0.00686689874671655,0.109430737793446,0.002762
5.46,-0.258386045815453,0.0688632919700066,0.0103800720781534,-0.00677313956881829,0.107554942369461,0.002962
5.48,-0.256989275897008,0.0708140211257867,0.0102457394714059,-0.0066671891040851,0.105807304382324,0.002921
5.5,-0.255553813233991,0.0727325611446779,0.0101136157689195,-0.00655213291546949,0.104173570871353,0.004546
5.52,-0.25408027970898,0.0746211016700114,0.00998385689792895,-0.0064305815230777,0.102641299366951,0.004045
5.54,-0.25256925585941,0.0764815876873798,0.00985657065580345,-0.00630473992575801,0.101199746131897,0.003035
5.56,-0.251021285432753,0.0783157533052211,0.00973182417966744,-0.00617647128853445,0.0998541340231895,0.002702
5.58,-0.249436876483024,0.0801254338527491,0.00960964598657792,-0.00604777648501754,0.0985767543315887,0.003579
5.6,-0.247816505766559,0.0819119238451655,0.00949003273760619,-0.00591984191644591,0.0973592773079872,0.004583
5.62,-0.24616062577313,0.0836763554743358,0.00937295976932027,-0.00579361475391875,0.0961947068572044,0.003607
5.64,-0.244469667709354,0.0854197249046415,0.00925838542559601,-0.00566984798964251,0.0950773358345032,0.002657
5.66,-0.242744043965481,0.0871429176408284,0.00914625451421718,-0.0055491429528234,0.0942267552018166,0.002788
5.68,-0.240984106364873,0.0888511050500242,0.00903643532815577,-0.00543855381901914,0.0934796631336212,0.003816
5.7,-0.239190135142602,0.090546274818231,0.00892870233098006,-0.00534041429129372,0.0926992297172546,0.003771
5.72,-0.237362397444744,0.0922277481768827,0.00882282261802595,-0.00525312787880576,0.0918897688388824,0.002654
5.74,-0.235501173119098,0.0938949336503645,0.00871859324959228,-0.00517529299943542,0.0910556614398956,0.002792
5.76,-0.233606752960359,0.0955473279623898,0.00861583742362033,-0.00510569609576886,0.0902004390954971,0.002505
5.78,-0.231679437115433,0.0971844991137417,0.00851440104246701,-0.00504327908901045,0.0893267840147018,0.002599
5.8,-0.229719533826741,0.0988060695046093,0.00841414992044789,-0.00498710781438115,0.0884376093745232,0.004015
5.82,-0.227727358301898,0.100411720173559,0.00831496729817331,-0.00493637289025319,0.0875352621078491,0.003445
5.84,-0.22570323165382,0.102001179515917,0.00821675156508036,-0.00489036801848424,0.0866216421127319,0.002661
5.86,-0.223647480042888,0.103574214357906,0.00811941437431842,-0.00484847242808867,0.0856991708278656,0.002744
5.88,-0.22156043380839,0.105130639955624,0.00802287881955615,-0.0048101622361421,0.0847685039043427,0.002558
5.9,-0.219442426846018,0.106670285388035,0.00792707804836476,-0.00477495540631162,0.0838316977024078,0.003389
5.92,-0.217293796059503,0.108193020751399,0.00783195404597966,-0.00474244974348616,0.0828916877508163,0.004058
5.94,-0.21511488036991,0.109698774199546,0.00773745580724995,-0.0047123461125547,0.082254633307457,0.002667
5.96,-0.212905960387913,0.111193448817584,0.00764344850333709,-0.00469333042414752,0.0815495550632477,0.00246
5.98,-0.210667271023312,0.112675711765557,0.00754973161141751,-0.00468328962681465,0.0807855129241943,0.002651
6,-0.208399072048113,0.114144409569114,0.00745614362818187,-0.00468043276746855,0.079970508813858,0.003416
6.02,-0.206101644720952,0.11559854696071,0.0073625560540684,-0.00468324868785201,0.0791890099644661,0.004265
6.04,-0.203775273706891,0.117038778553275,0.00726884550449065,-0.00469273677855124,0.078639455139637,0.002829
6.06,-0.201420191839069,0.118469633113703,0.00717481008805715,-0.00471575245765931,0.0779870674014091,0.002575
6.08,-0.199036606664175,0.119889110615437,0.00708020805546131,-0.00474942819961181,0.0772453248500824,0.002569
6.1,-0.196624763067535,0.121295477095585,0.00698485035835904,-0.00479135866070652,0.0764256790280342,0.002835
6.12,-0.194184938354389,0.122687224419496,0.0068885921558004,-0.00483952611912278,0.075537845492363,0.00403
6.14,-0.191717438078045,0.124063035826644,0.00679132570153086,-0.00489223687529439,0.0745909139513969,0.003211
6.16,-0.189222592339523,0.125421773232155,0.00669297415709074,-0.0049480922229847,0.0735918879508972,0.002668
6.18,-0.18670075262527,0.126762436117096,0.00659348639419617,-0.00500591849803118,0.0725472867488861,0.002523
6.2,-0.184152289153806,0.128084151741569,0.00649283271213437,-0.00506474548001122,0.071462906897068,0.002492
6.22,-0.181577588464047,0.129386160763782,0.00639100104387682,-0.00512377909306912,0.0703431367874146,0.003516
6.24,-0.178977051424474,0.130667789534049,0.00628799389749546,-0.00518235513610654,0.0691927671432495,0.004024
6.26,-0.176351091442755,0.131928457755128,0.00618382568412776,-0.00523994687734855,0.0680155381560326,0.002642
6.28,-0.173700132805256,0.133167657831515,0.00607852031089762,-0.00529613095026887,0.0668141394853592,0.002527
6.3,-0.171024609429262,0.134384934248379,0.00597210944903744,-0.00535055390201996,0.0655921399593353,0.002576
6.32,-0.168324963650859,0.135579900625856,0.00586463090120316,-0.00540295572046808,0.0643517673015594,0.003035
6.34,-0.16560164510471,0.136752213474757,0.00575612714276361,-0.00545312890059258,0.0630947574973106,0.004688
6.36,-0.162855109962817,0.137901562541484,0.00564664442929848,-0.00550090272743347,0.0618238411843777,0.004079
6.38,-0.160085820076228,0.139027690168257,0.00553623178068871,-0.00554617134036462,0.0622050389647484,0.00276
6.4,-0.157293917368148,0.140162847958384,0.00542445262724442,-0.00563762508525572,0.0632710456848145,0.002716
6.42,-0.154479087369243,0.1413204252196,0.00531017744682563,-0.00579590533184203,0.063878059387207,0.003505
6.44,-0.151640970830591,0.142491510799132,0.00519219483159578,-0.00600856360234826,0.064077727496624,0.004681
6.46,-0.148779376486543,0.143668216971647,0.00506952365716973,-0.00626500791249825,0.0639144256711006,0.003489
6.48,-0.14589426203637,0.144843534501988,0.0049413787700286,-0.00655622284838128,0.0634266585111618,0.002714
6.5,-0.142985717746675,0.146011215493026,0.00480714176080566,-0.00687454063493188,0.0626474544405937,0.002844
6.52,-0.140053952315831,0.14716566432568,0.00466633611312797,-0.00721343228167724,0.0615173913538456,0.004089
6.54,-0.137099297887436,0.148300131745986,0.00451863192447448,-0.00756475768049371,0.0597351565957069,0.004522
6.56,-0.134122280345374,0.149401992380871,0.00436394945897445,-0.00791162711567018,0.0578137114644051,0.002703
6.58,-0.131123577992284,0.150468629279054,0.00420239666675322,-0.00825215182229316,0.0557649880647659,0.002621
6.6,-0.128103919158842,0.151497656505262,0.00403411615974685,-0.00858475256042798,0.0535989999771118,0.002595
6.62,-0.125064077962476,0.152486881249884,0.00385927968590662,-0.00890809343550016,0.0513256303966045,0.004111
6.64,-0.12200487047424,0.153434300901459,0.00367808338731535,-0.00922106964544583,0.0489535629749298,0.004666
6.66,-0.118927151152198,0.154338079322381,0.00349074360173444,-0.00952276536192369,0.0464232824742794,0.002787
6.68,-0.115831822822226,0.155195215781829,0.00329751311390394,-0.00981044979866411,0.0439919382333755,0.002841
6.7,-0.112719798186465,0.156007723431348,0.0030986248774756,-0.0100888378911922,0.0414854139089584,0.00286
6.72,-0.109591983688054,0.156774215121935,0.00289426917093675,-0.0103574844679254,0.0388901010155678,0.004626
6.74,-0.10644931619625,0.157493035358346,0.00268464977131807,-0.0106154841362129,0.0362138263881207,0.00419
6.76,-0.103292764193084,0.158162678319193,0.00246998693387997,-0.0108620935988071,0.033463466912508,0.002806
6.78,-0.10012332496745,0.15878176910688,0.00225051447697359,-0.0110966991303548,0.0306458175182343,0.002922
6.8,-0.0969420220144465,0.159349061972357,0.00202647725467489,-0.0113188103031762,0.0277668349444866,0.003582
6.82,-0.093749902617423,0.159863423818427,0.0017981289685097,-0.0115280323345528,0.0248321108520031,0.004738
6.84,-0.0905480356673563,0.160323826962587,0.00156573038736357,-0.0117240528994831,0.0218474417924881,0.003464
6.86,-0.0873375095155115,0.160729353045685,0.00132954765888755,-0.0119066461635078,0.0191815234720707,0.002758
6.88,-0.0841193589755399,0.16108627443348,0.00108974432468621,-0.0120863039590033,0.0166942197829485,0.002857
6.9,-0.0808945207718062,0.161398128091835,0.000846315422102075,-0.0122693937471097,0.0140905939042568,0.003944
6.92,-0.0776639184332597,0.161662696694935,0.000599214857872909,-0.0124536632954276,0.0135457431897521,0.004668
6.94,-0.0744280954064554,0.161920207222415,0.00034780453667035,-0.0127005961564707,0.0125226024538279,0.003081
6.96,-0.0711872855028492,0.162161397377741,9.09563303622154e-05,-0.0129977378777072,0.0110679538920522,0.002769
6.98,-0.0679418985013236,0.162377932159784,-0.000172225798880522,-0.0133343216698351,0.00922135729342699,0.002944
7,-0.0646925030432629,0.162562259838424,-0.000442436739757965,-0.0137009888257867,0.00701877195388079,0.004631
7.02,-0.0614398116972055,0.162707539010735,-0.000720196733815602,-0.0140896241481332,0.00449251336976886,0.004073
7.04,-0.0581846674871769,0.16280756516893,-0.00100587465348293,-0.0144931979584995,0.00167042016983032,0.002794
7.06,-0.054928032049031,0.162856681323666,-0.00129970794650779,-0.0149055905523472,-0.0014218408614397,0.00266
7.08,-0.0516709751218547,0.162849733867779,-0.00160181980375023,-0.0153214899340148,-0.00476171215996146,0.003113
7.1,-0.0484146651026405,0.162782010380247,-0.00191223405922358,-0.0157362671870986,-0.00832798704504967,0.004681
7.12,-0.04516036049976,0.162649211937653,-0.00223088815686356,-0.01614590767512,-0.0121027640998363,0.003847
7.14,-0.0419094023197676,0.162447387464966,-0.00255764420848346,-0.016546888859068,-0.0163665637373924,0.002874
7.16,-0.0386632653514724,0.162167109446162,-0.00289221121977496,-0.0169274146172038,-0.0208414234220982,0.002989
7.18,-0.035423558748477,0.161804368545266,-0.00323414250527372,-0.0172837037593724,-0.0254214573651552,0.003606
7.2,-0.0321919512574053,0.161357214685778,-0.00358294527374791,-0.0176149244714796,-0.0300974138081074,0.004656
7.22,-0.0289701488925954,0.16082387113573,-0.00393811123432942,-0.0179203577887737,-0.0356484353542328,0.003334
7.24,-0.0257600453096874,0.160187349914787,-0.00429888793826181,-0.018176294061707,-0.0422244593501091,0.002781
7.26,-0.0225639033114483,0.159427723045501,-0.00466400196496666,-0.0183543183544255,-0.0485977604985237,0.002824
7.28,-0.019384144905503,0.158548997506754,-0.00503196649842076,-0.0184614948002085,-0.0547792389988899,0.004028
7.3,-0.0162231142933884,0.157554947247752,-0.00540142826873898,-0.0185041209055346,-0.060777835547924,0.004379
7.32,-0.0130830821303693,0.156449153231509,-0.00577115319883072,-0.0184878247140578,-0.0666004568338394,0.002809
7.34,-0.00996624897181242,0.155235044740041,-0.00614001397288071,-0.018417659926188,-0.0716636627912521,0.002901
7.36,-0.00687463309864717,0.153927420575309,-0.00650715174572361,-0.0183154340129786,-0.0764603093266487,0.002662
7.38,-0.00381005308843406,0.152531452965935,-0.00687199724504219,-0.0181883120372563,-0.0812119543552399,0.004308
7.4,-0.000774267381235469,0.151047983617334,-0.00723405797461638,-0.018036810591769,-0.085455983877182,0.004268
7.42,0.00223107261585365,0.149486874464277,-0.00759298569265126,-0.0178748461005631,-0.0894038677215576,0.003014
7.44,0.00520447143394285,0.147853857908584,-0.00794864775406648,-0.0177100731604803,-0.0934089794754982,0.003245
7.46,0.0081444792873113,0.146147769984573,-0.00830096087044475,-0.0175397754493202,-0.0975586026906967,0.003883
7.48,0.0110496060649555,0.144365741938206,-0.00864976154844774,-0.0173586445803082,-0.101884566247463,0.004763
7.5,0.0139182980416245,0.142504280821236,-0.00899477017961736,-0.0171603713201404,-0.106175273656845,0.00366
7.52,0.016748972875375,0.140564017755974,-0.00933564191648968,-0.0169447375615027,-0.110424056649208,0.002702
7.54,0.0195400620981934,0.138545709004643,-0.00967202840891779,-0.0167116109586129,-0.114623993635178,0.002698
7.56,0.0222900136677982,0.136450240874101,-0.0100035795841631,-0.0164609515069168,-0.118416555225849,0.004086
7.58,0.0249973631767045,0.134285490782225,-0.0103300484478237,-0.0162031124545546,-0.122003264725208,0.004678
7.6,0.027660764417395,0.132055401661386,-0.0106513354974382,-0.0159424975148208,-0.125617876648903,0.002764
7.62,0.030278904418989,0.129759354290177,-0.0109673606352869,-0.0156766444780982,-0.129245758056641,0.002689
7.64,0.0328504606676387,0.127397013484994,-0.0112779984997192,-0.0154034867786909,-0.132874116301537,0.002654
7.66,0.0353741064220702,0.124968291595876,-0.0115830857045094,-0.0151212865234483,-0.136490732431412,0.004403
7.68,0.037848515547165,0.122473336812373,-0.0118824271311134,-0.0148286067034499,-0.140084728598595,0.004408
7.7,0.0402723669647922,0.119912506581001,-0.0121758014597322,-0.0145242628228836,-0.143645539879799,0.002699
7.72,0.0426443487743636,0.117286361158474,-0.012462966050464,-0.014207306244896,-0.147164106369019,0.002594
7.74,0.0449631620125284,0.114595633970889,-0.012743661157376,-0.013876974102597,-0.150631934404373,0.002684
7.76,0.0472275240037892,0.111841220344903,-0.013017613427935,-0.01353266788637,-0.154433563351631,0.004673
7.78,0.0494360949055689,0.109016507947455,-0.0132844240673854,-0.0131624352975968,-0.158337980508804,0.004417
7.8,0.0515874476367862,0.106119384846679,-0.0135435213677595,-0.0127609282060221,-0.162065923213959,0.002792
7.82,0.0536801672820969,0.103153179482154,-0.0137943065109534,-0.0123307822906216,-0.165620058774948,0.002634
7.84,0.0557129048910115,0.100121160019577,-0.0140362307755253,-0.0118743741743871,-0.168334513902664,0.003186
7.86,0.057684506729058,0.0970395804683766,-0.014268986259204,-0.0114134217980494,-0.17057366669178,0.004553
7.88,0.0595940730185876,0.0939175832853815,-0.014492592209436,-0.0109589394211537,-0.172822773456573,0.003591
7.9,0.061440792158143,0.0907548438225255,-0.0147071463658902,-0.0105077661546838,-0.174955070018768,0.002826
7.92,0.0632238707992813,0.0875535119669898,-0.0149127206089635,-0.0100604755952034,-0.176524728536606,0.002576
7.94,0.0649426455946083,0.0843244382751242,-0.0151095290674457,-0.00963072645506606,-0.178212657570839,0.003521
7.96,0.0665965373887493,0.0810651915737897,-0.0152978606370594,-0.00921234067369125,-0.180399999022484,0.004521
7.98,0.0681848440679414,0.0777659066380042,-0.0154777698373793,-0.00878804637670658,-0.182696998119354,0.004426
8,0.0697067422564803,0.0744243219434957,-0.015649079679328,-0.00835195237749757,-0.18487760424614,0.002847
8.02,0.0711614074253958,0.0710425835620563,-0.0158115608540622,-0.00790471512531202,-0.186939507722855,0.00298
8.04,0.0725480583855165,0.0676228794330531,-0.0159649971472818,-0.00744698831428593,-0.190368503332138,0.004472
8.06,0.0738656677599221,0.0641384018358305,-0.0161087497176799,-0.00693583335655154,-0.193765237927437,0.00403
8.08,0.0751129449339553,0.0605896336318608,-0.0162417277557583,-0.00636896819211438,-0.196678191423416,0.002705
8.1,0.076288696894347,0.05698585229581,-0.0163629235198932,-0.00575698602562538,-0.199136257171631,0.002521
8.12,0.0773919104048654,0.053335758536364,-0.0164715297124161,-0.00510934859711862,-0.201167479157448,0.002533
8.14,0.0784217406644325,0.0496474955877724,-0.0165669177082493,-0.00443447082943236,-0.202881932258606,0.004297
8.16,0.0793774841760188,0.0459270509421086,-0.0166485931429861,-0.00373737093580838,-0.204343214631081,0.00426
8.18,0.0802585447166236,0.0421791647024376,-0.0167161419394214,-0.00302106365052491,-0.205473095178604,0.002815
8.2,0.0810644360735461,0.038410097991663,-0.016769231975696,-0.00229073408561797,-0.206282719969749,0.002591
8.22,0.0817947950389075,0.0346258904071974,-0.0168076306285844,-0.00155115222979275,-0.206784591078758,0.002571
8.24,0.0824493767284479,0.0308323349315819,-0.0168311963795836,-0.000806663362239152,-0.207002386450768,0.004251
8.26,0.0830280474812217,0.0270347611042751,-0.0168398673274213,-6.08881181762027e-05,-0.206949785351753,0.004355
8.28,0.0835307775524742,0.0232382311683623,-0.0168336498589714,0.000682961728088696,-0.206639781594276,0.002532
8.3,0.0839576359108846,0.0194475543689918,-0.0168126108798762,0.00142204288810521,-0.206085026264191,0.002784
8.32,0.0843087852538248,0.0156672944582201,-0.016776870728629,0.002153852552248,-0.20529730618,0.002716
8.34,0.0845844772734906,0.0119017872789141,-0.0167265967817034,0.00287618725581834,-0.204288214445114,0.004317
8.36,0.084785048142988,0.0081551451779809,-0.0166619976656903,0.0035871232801562,-0.203068867325783,0.004175
8.38,0.084910914145116,0.00443126686377923,-0.0165833179264322,0.00428499052778909,-0.201649636030197,0.00276
8.4,0.0849625675498928,0.00073385242445342,-0.0164908332828917,0.00496834014311375,-0.200040429830551,0.002505
8.42,0.0849405727365528,-0.00293358724197236,-0.0163848464313936,0.00563592182536243,-0.198251321911812,0.002973
8.44,0.084845562381445,-0.00656773326692622,-0.0162656831075809,0.00628668073065932,-0.196291357278824,0.004206
8.46,0.0846782338211892,-0.0101654384452737,-0.0161336885469831,0.00691972068778425,-0.194169372320175,0.003915
8.48,0.0844393456627606,-0.0137237229072584,-0.0159892244308954,0.00753429242577786,-0.191894009709358,0.002512
8.5,0.0841297144768007,-0.0172397701234694,-0.0158326660539359,0.00812978316684638,-0.18947359919548,0.002602
8.52,0.0837502115936918,-0.0207109206229087,-0.0156643997259137,0.00870570359002198,-0.187093883752823,0.002788
8.54,0.083301725346006,-0.0241381337616787,-0.0154847683889763,0.00926688206478759,-0.184697180986404,0.003926
8.56,0.0827851361790959,-0.0275212390937879,-0.015294036288504,0.00981636403977222,-0.182136878371239,0.004273
8.58,0.0822013565901187,-0.030857201925686,-0.0150924504593333,0.0103528260262203,-0.179421633481979,0.002753
8.6,0.0815513581175617,-0.0341431527587189,-0.014880282679753,0.0108751158656391,-0.176559597253799,0.002758
8.62,0.0808361681395878,-0.0373763770724954,-0.0146578262677345,0.0113822306148983,-0.173558741807938,0.002503
8.64,0.0800568668123065,-0.0405543115480831,-0.0144253932138169,0.0118733049780323,-0.170426964759827,0.004051
8.66,0.0792145840628276,-0.0436745423661627,-0.0141833115059957,0.0123476036637459,-0.167171657085419,0.00355
8.68,0.0783104967002949,-0.0467347951101862,-0.0139319227257018,0.0128045019048776,-0.163800179958344,0.002593
8.7,0.0773458256354862,-0.0497329340059563,-0.0136715798865844,0.0132434806455201,-0.160319373011589,0.002298
8.72,0.0763218332112679,-0.0526669515961299,-0.0134026455068086,0.0136641079902656,-0.156736508011818,0.002142
8.74,0.0752398205532126,-0.055534977049119,-0.0131254897674274,0.0140660491429858,-0.153057873249054,0.002219
8.76,0.0741011250299884,-0.0583352568726029,-0.0128404888804492,0.0144490354873638,-0.149289891123772,0.003142
8.78,0.0729071178812015,-0.0610661574538826,-0.0125480237435561,0.0148128668263039,-0.146000102162361,0.003481
8.8,0.071659092331239,-0.0637371143141621,-0.012248314283507,0.0151738489236594,-0.143201634287834,0.002422
8.82,0.0703581503482076,-0.0663578183485836,-0.0119412508172955,0.0155486543355843,-0.140189245343208,0.002318
8.84,0.0690053376621858,-0.0689242027680884,-0.0116265960162927,0.0159333817793472,-0.136975407600403,0.002273
8.86,0.0676017788751108,-0.0714324469996464,-0.0113041862591741,0.0163245579289962,-0.133571326732635,0.002509
8.88,0.0661486727937656,-0.073878950974505,-0.0109739236672864,0.0167190783842601,-0.129987239837646,0.003381
8.9,0.0646472882177631,-0.0762603153377198,-0.0106357692094689,0.0171141596999753,-0.126233413815498,0.003788
8.92,0.0630989599275853,-0.078573341231556,-0.0102897364531821,0.0175073226918249,-0.122318528592587,0.003041
8.94,0.0615050849915511,-0.0808149986173614,-0.00993588610356315,0.0178963302965724,-0.118251696228981,0.002494
8.96,0.0598671193116395,-0.082982434066638,-0.00957432117810953,0.0182791861154366,-0.114041045308113,0.002752
8.98,0.0581865742890241,-0.0850729509977636,-0.00920518260980702,0.0186540930038372,-0.109694629907608,0.002512
9,0.0564650137069174,-0.0870840077070514,-0.00882864539928583,0.0190194395498785,-0.105220168828964,0.004096
9.02,0.0547040507031373,-0.0890132103645906,-0.00844491510190028,0.019373780085896,-0.100673004984856,0.002904
9.04,0.0529053355240539,-0.0908592419132332,-0.00805421066018542,0.0197172208578415,-0.0962575376033783,0.002415
9.06,0.0510705049044698,-0.0926247707138894,-0.00765668972728644,0.0200557877846263,-0.0909988656640053,0.002433
9.08,0.0492013324594103,-0.0942934399858825,-0.00725267528598506,0.0203669132821606,-0.085707888007164,0.002519
9.1,0.0472997607784242,-0.0958647085443591,-0.00684270571327423,0.0206516141845234,-0.0803859978914261,0.003752
9.12,0.0453677430791441,-0.097338054811424,-0.00642730031939626,0.0209107813365641,-0.0750345289707184,0.003764
9.14,0.0434072428241588,-0.0987129759090075,-0.00600696182747802,0.0211451834783259,-0.0696555152535439,0.003264
9.16,0.041420233208092,-0.0999890015461629,-0.00558217856068876,0.0213554926237495,-0.0642507150769234,0.002934
9.18,0.0394086965576742,-0.101165688832871,-0.00515342641400748,0.0215422802323499,-0.0586571618914604,0.002592
9.2,0.0373746559245729,-0.102239408074932,-0.00472121906496738,0.0217011946022651,-0.0503660440444946,0.002589
9.22,0.0353206965732749,-0.10315756571283,-0.00428689360180905,0.0217542030529696,-0.0422344356775284,0.003519
9.24,0.0332498984092105,-0.103923289470579,-0.00385251698497153,0.0217063126403675,-0.0338431932032108,0.003608
9.26,0.0311653608619227,-0.104531499143165,-0.00342018519159934,0.0215496131147928,-0.0262147784233093,0.002554
9.28,0.0290700857615133,-0.104997035201922,-0.00299185977323381,0.0213054643530144,-0.0206063855439425,0.002627
9.3,0.0269665330745864,-0.105359245413466,-0.00256871267329609,0.0210315088203398,-0.0152417346835136,0.002565
9.32,0.0248567225285921,-0.105622807432063,-0.00215128562792461,0.0207331579469497,-0.0112171145156026,0.002805
9.34,0.0227423664527817,-0.105813784445915,-0.00173969270704438,0.0204477894115233,-0.00679491925984621,0.004116
9.36,0.0206249949502631,-0.105924336452601,-0.00133380883345988,0.0201619528462232,-0.000639269128441811,0.003952
9.38,0.018506555587922,-0.105920555498921,-0.000934169019775859,0.0198230549288362,0.00519135920330882,0.003261
9.4,0.0163892725504389,-0.105808686677952,-0.000541760142913629,0.0194384787519366,0.0109705189242959,0.003481
9.42,0.0142752986332547,-0.105589623975025,-0.000157504483635764,0.01900730424037,0.0162760019302368,0.003944
9.44,0.0121666865002463,-0.105272486805499,0.000217777983716902,0.0185406874867679,0.0211612917482853,0.003899
9.46,0.0100653169701182,-0.104865340761545,0.000583472391428175,0.0180479938515173,0.0252594538033009,0.003475
9.48,0.00797283802943051,-0.104383404165622,0.000939256887268195,0.0175491749313557,0.0288645941764116,0.003223
9.5,0.0058906507140169,-0.10383615451484,0.0012851219296372,0.0170555266276417,0.0321673676371574,0.003652
9.52,0.00382000370261823,-0.103229350428721,0.00162122827175963,0.0165727914837501,0.0353530533611774,0.004035
9.54,0.00176206662637242,-0.102565138194653,0.00194779788947946,0.0161013524424811,0.038429819047451,0.003703
9.56,-0.000282032247778878,-0.101845507959196,0.00226505873450521,0.0156414244618884,0.0414046049118042,0.003505
9.58,-0.00231120313448845,-0.101072317742418,0.0025732417494774,0.0151930918344789,0.0442839041352272,0.00356
9.6,-0.00432439217500793,-0.100247302185401,0.00287257839224273,0.0147563218154905,0.0476506762206554,0.004134
9.62,-0.00632046648438197,-0.0993608236192336,0.00316312948454846,0.0143140745745709,0.050862617790699,0.00409
9.64,-0.00829822574863904,-0.0984157764446815,0.00344480297454754,0.0138680945257768,0.0538784563541412,0.003606
9.66,-0.0102565355837173,-0.0974158593636087,0.00371755353069667,0.0134213117424037,0.0567172802984715,0.0036
9.68,-0.0121943318511749,-0.096364398362742,0.00398138875154088,0.0129760919450392,0.0593961402773857,0.00417
9.7,-0.0141106136085637,-0.0952643871561522,0.00423635863059621,0.0125343111409844,0.0619284436106682,0.004276
9.72,-0.0160044371805116,-0.0941185588182146,0.00448254695251127,0.012097474214261,0.064129613339901,0.003951
9.74,-0.0178749495828269,-0.0929332495942068,0.00472012194586718,0.0116725251126752,0.0661052167415619,0.003482
9.76,-0.0197214039877634,-0.0917127391434043,0.00494936048134916,0.0112633898172495,0.067890889942646,0.003907
9.78,-0.0215431322505857,-0.0904606162727938,0.00517060847016424,0.0108730500324256,0.0695676058530807,0.004575
9.8,-0.0233395222550325,-0.0891788951116391,0.00538424890057803,0.0105022337122673,0.0712510347366333,0.005315
9.82,-0.0251099796524983,-0.0878673382531995,0.00559064667218375,0.0101484030864623,0.0729305148124695,0.00387
9.84,-0.026853907476594,-0.0865259212145791,0.00579012014979818,0.00980943999906198,0.0745990350842476,0.00381
9.86,-0.0285707096829752,-0.0851547605889916,0.00598294834859525,0.00948352557122717,0.0762494876980782,0.003936
9.88,-0.0302597939844022,-0.0837541154137322,0.00616937683007648,0.00916913155425358,0.0778763741254807,0.00379
9.9,-0.0319205743810742,-0.0823243553278782,0.00634962294390977,0.00886496352901435,0.079475462436676,0.003729
9.92,-0.0335524731216898,-0.0808659354849276,0.00652388004947346,0.00856991562334483,0.0810432732105255,0.004
9.94,-0.035154922263637,-0.0793793815512791,0.00669232099466526,0.00828304148206593,0.0825768858194351,0.004013
9.96,-0.0367273649714241,-0.0778652785305669,0.00685510108120993,0.00800353191980893,0.08407361805439,0.00431
9.98,-0.0382692566545145,-0.0763242658790133,0.00701236068573047,0.00773070282642622,0.0855319499969482,0.003768
10,-0.0397800658275614,-0.0747570146286845,0.00716422737641197,0.00746395679432813,0.0855319499969482,0.003768
